rank,filter,grade,name,category,subscribers,views,stats_url,date_scraped,source
1,subs weekly,3.5,Ricis Official,Entertainment,30.5M,623.34K,https://www.noxinfluencer.com/youtube/channel/UC4tS4Q_Cno5JVcIUXxQOOpA,2022-09-15T03:46:07+00Z,noxinfluencer
2,subs weekly,3,AH,Entertainment,30M,881.63K,https://www.noxinfluencer.com/youtube/channel/UCaKLg1ELiX0zTJ6Je3c5esA,2022-09-15T03:46:07+00Z,noxinfluencer
3,subs weekly,3,Jess No Limit,Gaming,24.9M,990.28K,https://www.noxinfluencer.com/youtube/channel/UCvh1at6xpV1ytYOAzxmqUsA,2022-09-15T03:46:07+00Z,noxinfluencer
4,subs weekly,3.5,Rans Entertainment,Entertainment,24.1M,739.36K,https://www.noxinfluencer.com/youtube/channel/UCvA9_f5Lwk-poMynabtrZPg,2022-09-15T03:46:07+00Z,noxinfluencer
5,subs weekly,2,TRANS7 OFFICIAL,Entertainment,23.5M,44.29K,https://www.noxinfluencer.com/youtube/channel/UC24_Z2L-8Ki183AI9zJJzNQ,2022-09-15T03:46:07+00Z,noxinfluencer
6,subs weekly,3,Frost Diamond,Gaming,22.6M,630.57K,https://www.noxinfluencer.com/youtube/channel/UC4hGmH5sABOA70D4fGb8qNQ,2022-09-15T03:46:07+00Z,noxinfluencer
7,subs weekly,2,Indosiar,Entertainment,21.4M,0,https://www.noxinfluencer.com/youtube/channel/UCYqOeAXJm8yV9sJ8Ud3cR7A,2022-09-15T03:46:07+00Z,noxinfluencer
8,subs weekly,3,Baim Paula,Entertainment,20.8M,654.43K,https://www.noxinfluencer.com/youtube/channel/UC5xAPCVizxOfnMECMXkal2Q,2022-09-15T03:46:07+00Z,noxinfluencer
9,subs weekly,4.5,Deddy Corbuzier,Entertainment,19.4M,3.77M,https://www.noxinfluencer.com/youtube/channel/UCYk4LJI0Pr6RBDWowMm-KUw,2022-09-15T03:46:07+00Z,noxinfluencer
10,subs weekly,3,BabyBus - Cerita & Lagu Anak-anak,Education,18.5M,795.7K,https://www.noxinfluencer.com/youtube/channel/UC5v3gjCQLFeg8eBXO7ShdpQ,2022-09-15T03:46:07+00Z,noxinfluencer
11,subs weekly,3.5,MiawAug,Gaming,18.3M,765.21K,https://www.noxinfluencer.com/youtube/channel/UC3J4Q1grz46bdJ7NJLd4DGw,2022-09-15T03:46:07+00Z,noxinfluencer
12,subs weekly,3,GEN HALILINTAR,Entertainment,18.1M,512.41K,https://www.noxinfluencer.com/youtube/channel/UCfRNJiafEm1LBBGFTTq4cXw,2022-09-15T03:46:07+00Z,noxinfluencer
13,subs weekly,3,Naisa Alifia Yuriza (N.A.Y),Entertainment,17.9M,1.35M,https://www.noxinfluencer.com/youtube/channel/UCtjFp8VXWIscsqQ2wokpo3Q,2022-09-15T03:46:07+00Z,noxinfluencer
14,subs weekly,4.5,tanboy kun,Entertainment,16.4M,2.09M,https://www.noxinfluencer.com/youtube/channel/UC8rHUssNDJ9YEjfduAqJBmw,2022-09-15T03:46:07+00Z,noxinfluencer
15,subs weekly,1.5,Zuni and Family,People & Blogs,16.4M,632.05K,https://www.noxinfluencer.com/youtube/channel/UCAelPgCHWYyEs8-TFuOVRtg,2022-09-15T03:46:07+00Z,noxinfluencer
16,subs weekly,2,TRANS TV Official,Entertainment,16.1M,1.19K,https://www.noxinfluencer.com/youtube/channel/UCIohHXwCEKxWCLvAguJ-GjA,2022-09-15T03:46:07+00Z,noxinfluencer
17,subs weekly,2.5,Dyland PROS,Gaming,15.5M,88.94K,https://www.noxinfluencer.com/youtube/channel/UCXdmo_q4SawYMz-dmeKEHPQ,2022-09-15T03:46:07+00Z,noxinfluencer
18,subs weekly,2,RCTI - LAYAR DRAMA INDONESIA,Entertainment,15.4M,75.97K,https://www.noxinfluencer.com/youtube/channel/UCzTsWuCdVP_vehWyGwPcS3Q,2022-09-15T03:46:07+00Z,noxinfluencer
19,subs weekly,2,Kerajinan 5-Menit,Howto & Style,15.2M,14.16K,https://www.noxinfluencer.com/youtube/channel/UClIYfCAhMAlacxT0e_sl1uA,2022-09-15T03:46:07+00Z,noxinfluencer
20,subs weekly,2,Like Nastya IDN,Entertainment,15.2M,173.67K,https://www.noxinfluencer.com/youtube/channel/UCui_SuV6CzSgB1bdwL5utzg,2022-09-15T03:46:07+00Z,noxinfluencer
21,subs weekly,3,Daftar Populer,Entertainment,14.6M,82.92K,https://www.noxinfluencer.com/youtube/channel/UCQW2tTNJ40V2T6MqV1eMZ0w,2022-09-15T03:46:07+00Z,noxinfluencer
22,subs weekly,4.5,Arif muhammad,Comedy,14.5M,2.89M,https://www.noxinfluencer.com/youtube/channel/UCfx3oPv3cJm2aCJ7UnhKx8A,2022-09-15T03:46:07+00Z,noxinfluencer
23,subs weekly,2,MNCTV OFFICIAL,Entertainment,13.8M,1.14K,https://www.noxinfluencer.com/youtube/channel/UC34xi8JB1AKSotPUKHywbaA,2022-09-15T03:46:07+00Z,noxinfluencer
24,subs weekly,2,KOMPASTV,News & Politics,13M,4.7K,https://www.noxinfluencer.com/youtube/channel/UC5BMIWZe9isJXLZZWPWvBlg,2022-09-15T03:46:07+00Z,noxinfluencer
25,subs weekly,2,The Shiny Peanut,Entertainment,12.9M,17.07K,https://www.noxinfluencer.com/youtube/channel/UCgiO267R4Qo-SJF2UzH5ccQ,2022-09-15T03:46:07+00Z,noxinfluencer
26,subs weekly,2,BUDI01 GAMING,Gaming,12.7M,1.54M,https://www.noxinfluencer.com/youtube/channel/UC8qp0ZmavLOGeSdLxSUZO8w,2022-09-15T03:46:07+00Z,noxinfluencer
27,subs weekly,0.5,SAAIHALILINTAR,Entertainment,12.6M,401.88K,https://www.noxinfluencer.com/youtube/channel/UCEIdGryox368qWinrZ9eA8A,2022-09-15T03:46:07+00Z,noxinfluencer
28,subs weekly,3,Yudist Ardhana,Entertainment,12M,247.1K,https://www.noxinfluencer.com/youtube/channel/UCvc00uetYIML9D-7BBrEXLA,2022-09-15T03:46:07+00Z,noxinfluencer
29,subs weekly,3,Troom Troom Indonesia,People & Blogs,12M,206.27K,https://www.noxinfluencer.com/youtube/channel/UCtGmhXT_NSTK5j_r9a9xdYA,2022-09-15T03:46:07+00Z,noxinfluencer
30,subs weekly,2,FrontaL Gaming,Gaming,11.7M,371.95K,https://www.noxinfluencer.com/youtube/channel/UCW6fcXU68QShoXPkxnPxATw,2022-09-15T03:46:07+00Z,noxinfluencer
31,subs weekly,3.5,Jessica Jane,Entertainment,10.9M,1.56M,https://www.noxinfluencer.com/youtube/channel/UCFuM3BWlLM3YbLjkXBiJ8-A,2022-09-15T03:46:07+00Z,noxinfluencer
32,subs weekly,2,GNP Music,Music,10.3M,58.9K,https://www.noxinfluencer.com/youtube/channel/UCJYG48dCgMA-p5BVDabi3nQ,2022-09-15T03:46:07+00Z,noxinfluencer
33,subs weekly,3,hasanjr11,Entertainment,10.2M,221.54K,https://www.noxinfluencer.com/youtube/channel/UCgqAMw2V_Ddy4SfmovUTh8Q,2022-09-15T03:46:07+00Z,noxinfluencer
34,subs weekly,2.5,Islam Populer,Education,10.1M,51.66K,https://www.noxinfluencer.com/youtube/channel/UCXhg6jUrkGLiiwk7Zr13SuQ,2022-09-15T03:46:07+00Z,noxinfluencer
35,subs weekly,4,Little Angel Bahasa Indonesia - Lagu Anak,Education,10M,1.35M,https://www.noxinfluencer.com/youtube/channel/UCdrHrQf0o0TO8YDntXJ4VIQ,2022-09-15T03:46:07+00Z,noxinfluencer
36,subs weekly,2.5,SULE PRODUCTIONS,Entertainment,9.96M,443.1K,https://www.noxinfluencer.com/youtube/channel/UCZWk_k207M--sLScrLdM3JQ,2022-09-15T03:46:07+00Z,noxinfluencer
37,subs weekly,3,Raditya Dika,People & Blogs,9.86M,445.07K,https://www.noxinfluencer.com/youtube/channel/UC0rzsIrAxF4kCsALP6J2EsA,2022-09-15T03:46:07+00Z,noxinfluencer
38,subs weekly,2,Ini Talk Show,Comedy,9.86M,171.44K,https://www.noxinfluencer.com/youtube/channel/UCo1CFjot3CX97sn_ngJnGPg,2022-09-15T03:46:07+00Z,noxinfluencer
39,subs weekly,4,GadgetIn,Science & Technology,9.8M,1.8M,https://www.noxinfluencer.com/youtube/channel/UC1dI4tO13ApuSX0QeX8pHng,2022-09-15T03:46:07+00Z,noxinfluencer
40,subs weekly,2,CNN Indonesia,News & Politics,9.73M,3.04K,https://www.noxinfluencer.com/youtube/channel/UCKII0Ml9S5wneKbHswmUrIQ,2022-09-15T03:46:07+00Z,noxinfluencer
41,subs weekly,4.5,Nihongo Mantappu,People & Blogs,9.68M,1.15M,https://www.noxinfluencer.com/youtube/channel/UC1Gmqqs_Myzl2KHIeqfUC9A,2022-09-15T03:46:07+00Z,noxinfluencer
42,subs weekly,3,Nessie Judge,Comedy,9.57M,849.57K,https://www.noxinfluencer.com/youtube/channel/UC_SBt2BFBkExq_azj-P5lNA,2022-09-15T03:46:07+00Z,noxinfluencer
43,subs weekly,2.5,efdewe,Gaming,9.55M,136.55K,https://www.noxinfluencer.com/youtube/channel/UCIWUnAI0GL4LDfCUeOOq7xg,2022-09-15T03:46:07+00Z,noxinfluencer
44,subs weekly,2,tvOneNews,News & Politics,9.42M,12.53K,https://www.noxinfluencer.com/youtube/channel/UCER4rvDnRBPr_ncYW4UCZjg,2022-09-15T03:46:07+00Z,noxinfluencer
45,subs weekly,2.5,LetDa Hyper,Gaming,9.39M,26.69K,https://www.noxinfluencer.com/youtube/channel/UCCsHdU66sCbEtklvSVAGPsQ,2022-09-15T03:46:07+00Z,noxinfluencer
46,subs weekly,3,Lagu Anak Indonesia Balita,Education,9.35M,605.31K,https://www.noxinfluencer.com/youtube/channel/UC5Tg_aUYKBtpnGipTVqDDuQ,2022-09-15T03:46:07+00Z,noxinfluencer
47,subs weekly,3,Ani Nurhayani,Entertainment,9.26M,205.11K,https://www.noxinfluencer.com/youtube/channel/UCs89kFyfKM24SFFAb_vqpBQ,2022-09-15T03:46:07+00Z,noxinfluencer
48,subs weekly,2.5,PANJI PETUALANG,Pets & Animals,9.26M,426.57K,https://www.noxinfluencer.com/youtube/channel/UCK80fj7o9HUEWvobSVp2J-Q,2022-09-15T03:46:07+00Z,noxinfluencer
49,subs weekly,3.5,Sara Wijayanto,People & Blogs,9.25M,1.21M,https://www.noxinfluencer.com/youtube/channel/UCa3k1_nfBeXbf7be6Dcy_vQ,2022-09-15T03:46:07+00Z,noxinfluencer
50,subs weekly,3.5,Aishwa Nahla Official,Music,9.24M,9.29M,https://www.noxinfluencer.com/youtube/channel/UC1nqMqjwWkcN80yfHM6Hcow,2022-09-15T03:46:07+00Z,noxinfluencer
51,subs weekly,2.5,Rendy Rangers,Gaming,9.19M,50.82K,https://www.noxinfluencer.com/youtube/channel/UCg_GNu-J5_naq-k1kUfq1Rw,2022-09-15T03:46:07+00Z,noxinfluencer
52,subs weekly,4,Bobon Santoso,Entertainment,9.13M,921.43K,https://www.noxinfluencer.com/youtube/channel/UCCeJqNJdhaydrlubVLzyErQ,2022-09-15T03:46:07+00Z,noxinfluencer
53,subs weekly,4.5,Mikael TubeHD,People & Blogs,9.09M,684.37K,https://www.noxinfluencer.com/youtube/channel/UCFSqAZl3AxxMyaHouB2GKSg,2022-09-15T03:46:07+00Z,noxinfluencer
54,subs weekly,4,Upin & Ipin,Entertainment,9.03M,589.31K,https://www.noxinfluencer.com/youtube/channel/UChzn43FSMt_2TR97COECjRw,2022-09-15T03:46:07+00Z,noxinfluencer
55,subs weekly,3,Tayo Bus Kecil - Tayo Bahasa Indonesia,Education,9.03M,990.57K,https://www.noxinfluencer.com/youtube/channel/UCUaZwCnn6Z-16BmkKngSs0g,2022-09-15T03:46:07+00Z,noxinfluencer
56,subs weekly,3,The Onsu Family,Entertainment,9.02M,216.84K,https://www.noxinfluencer.com/youtube/channel/UCJvQLi9uJEGBpD8t3DZyHpw,2022-09-15T03:46:07+00Z,noxinfluencer
57,subs weekly,1.5,The LetsPlay Family,Entertainment,8.98M,1.15M,https://www.noxinfluencer.com/youtube/channel/UCnN-PlxUJifRxrtyb2vgk7w,2022-09-15T03:46:07+00Z,noxinfluencer
58,subs weekly,3,deHakims,Pets & Animals,8.95M,620.64K,https://www.noxinfluencer.com/youtube/channel/UC7-sh4gtS5oJkwqOyt8s3CQ,2022-09-15T03:46:07+00Z,noxinfluencer
59,subs weekly,1,Nussa Official,Entertainment,8.84M,804.21K,https://www.noxinfluencer.com/youtube/channel/UCV2jNjJEtO0Hr3b1Es3xPJg,2022-09-15T03:46:07+00Z,noxinfluencer
60,subs weekly,2.5,Najwa Shihab,News & Politics,8.59M,1.04M,https://www.noxinfluencer.com/youtube/channel/UCo8h2TY_uBkAVUIc14m_KCA,2022-09-15T03:46:07+00Z,noxinfluencer
61,subs weekly,3,SISI TERANG,Howto & Style,8.58M,27.03K,https://www.noxinfluencer.com/youtube/channel/UCSg-Y9uI1E-my-I4WKKioEQ,2022-09-15T03:46:07+00Z,noxinfluencer
62,subs weekly,4,Windah Basudara,Gaming,8.51M,367.31K,https://www.noxinfluencer.com/youtube/channel/UCoIiiHof6BJ85PLuLkuxuhw,2022-09-15T03:46:07+00Z,noxinfluencer
63,subs weekly,2,NAGASWARA Official Video | Indonesia Music Channel,Music,8.43M,20.99K,https://www.noxinfluencer.com/youtube/channel/UChvdpkJqIaVo7kbKPtmKXhA,2022-09-15T03:46:07+00Z,noxinfluencer
64,subs weekly,2.5,Daftar5,Entertainment,8.28M,118.6K,https://www.noxinfluencer.com/youtube/channel/UCGooqe5Poe7wK6xmScAm4Kw,2022-09-15T03:46:07+00Z,noxinfluencer
65,subs weekly,2.5,kemas pake z,Gaming,8.28M,32.88K,https://www.noxinfluencer.com/youtube/channel/UCCEs4SbttY3l73m0WsZix3g,2022-09-15T03:46:07+00Z,noxinfluencer
66,subs weekly,2.5,MOP Channel,Entertainment,8.14M,29.25K,https://www.noxinfluencer.com/youtube/channel/UCrrimexxJpH-zLIrg_IPV_w,2022-09-15T03:46:07+00Z,noxinfluencer
67,subs weekly,4.5,WARINTIL OFFICIAL,Comedy,8.14M,3.43M,https://www.noxinfluencer.com/youtube/channel/UCEHprhvK2xu0CYKcnbMshBw,2022-09-15T03:46:07+00Z,noxinfluencer
68,subs weekly,2,Netmediatama,Entertainment,8.14M,1K,https://www.noxinfluencer.com/youtube/channel/UCrmgXElfpFPD9LDc_0aUfew,2022-09-15T03:46:07+00Z,noxinfluencer
69,subs weekly,3,KopraL Jono,Gaming,8.1M,433K,https://www.noxinfluencer.com/youtube/channel/UCS1a9Q2__fjNt_8Wik0RFTg,2022-09-15T03:46:07+00Z,noxinfluencer
70,subs weekly,3,Erpan1140,Gaming,8.08M,534.36K,https://www.noxinfluencer.com/youtube/channel/UCHtehvb3p55uRCQBDCwF-ow,2022-09-15T03:46:07+00Z,noxinfluencer
71,subs weekly,4.5,Jeevan Akawa,Comedy,8.08M,323.13K,https://www.noxinfluencer.com/youtube/channel/UC4Z9EjODYWG91KEk-Q8DWPw,2022-09-15T03:46:07+00Z,noxinfluencer
72,subs weekly,3,Maell Lee,Comedy,8.05M,786.78K,https://www.noxinfluencer.com/youtube/channel/UCgYmNAhjfv5GYWBOfzp831Q,2022-09-15T03:46:07+00Z,noxinfluencer
73,subs weekly,2.5,TRI SUAKA CHANNEL,Entertainment,8M,14.92K,https://www.noxinfluencer.com/youtube/channel/UCxHRAILTOBZNR8J9GZFaniw,2022-09-15T03:46:07+00Z,noxinfluencer
74,subs weekly,2,Tribunnews,News & Politics,7.96M,2.84K,https://www.noxinfluencer.com/youtube/channel/UCmxAIW7RDDC88EPk4ry16Kg,2022-09-15T03:46:07+00Z,noxinfluencer
75,subs weekly,2,MD Entertainment,Film & Animation,7.82M,4.59K,https://www.noxinfluencer.com/youtube/channel/UC3e0KfJEE6s46nn6_N-DMaQ,2022-09-15T03:46:07+00Z,noxinfluencer
76,subs weekly,3.5,fikrifadlu,Entertainment,7.74M,947.14K,https://www.noxinfluencer.com/youtube/channel/UC4AXZK3XiR-kz1Nk01LhxmQ,2022-09-15T03:46:07+00Z,noxinfluencer
77,subs weekly,2.5,Rizky Riplay,Film & Animation,7.62M,388.45K,https://www.noxinfluencer.com/youtube/channel/UC7GWXKxiy9_AU9TytEh00eg,2022-09-15T03:46:07+00Z,noxinfluencer
78,subs weekly,2.5,Angga Candra,Entertainment,7.46M,234.82K,https://www.noxinfluencer.com/youtube/channel/UCJdzixqmMBoCMoMkrQ8F8FQ,2022-09-15T03:46:07+00Z,noxinfluencer
79,subs weekly,2,Cumicumi,Entertainment,7.37M,18.22K,https://www.noxinfluencer.com/youtube/channel/UC5A_pdnOOcMsaBzFAHiTMLg,2022-09-15T03:46:07+00Z,noxinfluencer
80,subs weekly,3.5,Oura Gaming,Gaming,7.27M,353.14K,https://www.noxinfluencer.com/youtube/channel/UCirWugW5e03u3DUGA87s58A,2022-09-15T03:46:07+00Z,noxinfluencer
81,subs weekly,0,Royan Mobil RC,Autos & Vehicles,7.25M,15.06K,https://www.noxinfluencer.com/youtube/channel/UCzqSaeUu-jYcfRcOjBFq0DA,2022-09-15T03:46:07+00Z,noxinfluencer
82,subs weekly,1.5,animasinopal,Comedy,7.24M,3.47M,https://www.noxinfluencer.com/youtube/channel/UC5IA7MpYcbhbA28RgyQrV0A,2022-09-15T03:46:07+00Z,noxinfluencer
83,subs weekly,0.5,Official Sabyan gambus,Music,7.13M,123.97M,https://www.noxinfluencer.com/youtube/channel/UCfMcMOvgflhwW3FQtLosn7Q,2022-09-15T03:46:07+00Z,noxinfluencer
84,subs weekly,4.5,Putih Abu-Abu,Music,7.11M,1.35M,https://www.noxinfluencer.com/youtube/channel/UCIqzqfsgUqctbM-MANntwuQ,2022-09-15T03:46:07+00Z,noxinfluencer
85,subs weekly,2.5,Muse Indonesia,Film & Animation,7.06M,35.45K,https://www.noxinfluencer.com/youtube/channel/UCxxnxya_32jcKj4yN1_kD7A,2022-09-15T03:46:07+00Z,noxinfluencer
86,subs weekly,2.5,musisi jogja project,Music,6.97M,24.65K,https://www.noxinfluencer.com/youtube/channel/UCUE-BF1Q5E6Sz1KidSnSRYw,2022-09-15T03:46:07+00Z,noxinfluencer
87,subs weekly,2.5,Rasyah Rasyid,Gaming,6.96M,79.56K,https://www.noxinfluencer.com/youtube/channel/UCEgqJ5EKBATUwpkM6fVuGiA,2022-09-15T03:46:07+00Z,noxinfluencer
88,subs weekly,2,Hi Patrick,Entertainment,6.95M,47.17K,https://www.noxinfluencer.com/youtube/channel/UCZB0J8mVXqPe3ej6UYlS4DQ,2022-09-15T03:46:07+00Z,noxinfluencer
89,subs weekly,3.5,Heidi dan Zidane,People & Blogs,6.82M,154.05K,https://www.noxinfluencer.com/youtube/channel/UCcp_vTc53n_HfHRShAAEyCw,2022-09-15T03:46:07+00Z,noxinfluencer
90,subs weekly,2,DJ Opus,Music,6.81M,142.18K,https://www.noxinfluencer.com/youtube/channel/UCwTSXttL8gc13UlPXU7YNjQ,2022-09-15T03:46:07+00Z,noxinfluencer
91,subs weekly,3,Kang Ujang Busthomi cirebon,People & Blogs,6.73M,254.69K,https://www.noxinfluencer.com/youtube/channel/UCxTVvAgJyIjw-zmJex4nyhg,2022-09-15T03:46:07+00Z,noxinfluencer
92,subs weekly,3.5,123 GO! Indonesian,Howto & Style,6.67M,1.08M,https://www.noxinfluencer.com/youtube/channel/UC43nz9qnZ7AIrbOlfxejTig,2022-09-15T03:46:07+00Z,noxinfluencer
93,subs weekly,2.5,KULGAR,Gaming,6.57M,50.93K,https://www.noxinfluencer.com/youtube/channel/UCBcREx7wgTLTIj_VKFgOEDQ,2022-09-15T03:46:07+00Z,noxinfluencer
94,subs weekly,1.5,FATEH HALILINTAR,Entertainment,6.56M,860.59K,https://www.noxinfluencer.com/youtube/channel/UCi_ujFc2fgNt21RgVY5hvGg,2022-09-15T03:46:07+00Z,noxinfluencer
95,subs weekly,2.5,86 & Custom Protection NET,Entertainment,6.53M,22.21K,https://www.noxinfluencer.com/youtube/channel/UCkjCVt4XfWH_S_2_ayNTTIA,2022-09-15T03:46:07+00Z,noxinfluencer
96,subs weekly,2,Sidul Tube,Entertainment,6.53M,8.57K,https://www.noxinfluencer.com/youtube/channel/UCyIEVMhLpr-zmqZN9v2Ka_w,2022-09-15T03:46:07+00Z,noxinfluencer
97,subs weekly,0.5,Indonesian Idol,Entertainment,6.46M,932.2K,https://www.noxinfluencer.com/youtube/channel/UCpr5mSSUbIQU816dNjaDdyg,2022-09-15T03:46:07+00Z,noxinfluencer
98,subs weekly,2.5,Obbyphy,Gaming,6.45M,272.38K,https://www.noxinfluencer.com/youtube/channel/UC8J8jWVZK9isJAU579ulheg,2022-09-15T03:46:07+00Z,noxinfluencer
99,subs weekly,3,Calon Sarjana,Entertainment,6.41M,67.03K,https://www.noxinfluencer.com/youtube/channel/UC-ASDT9n-sUPwA7uUPN0OoQ,2022-09-15T03:46:07+00Z,noxinfluencer
100,subs weekly,3.5,TAULANY TV,People & Blogs,6.36M,1.32M,https://www.noxinfluencer.com/youtube/channel/UC6SPCnTAIanF2_8ST2wrQzw,2022-09-15T03:46:07+00Z,noxinfluencer
1,avgview weekly,3,Indonesian Youtubers,People & Blogs,1.56M,19.91M,https://www.noxinfluencer.com/youtube/channel/UC-z1ubmS-iHMVr83EEwRS2g,2022-09-15T03:46:08+00Z,noxinfluencer
2,avgview weekly,3.5,Aishwa Nahla Official,Music,9.24M,9.29M,https://www.noxinfluencer.com/youtube/channel/UC1nqMqjwWkcN80yfHM6Hcow,2022-09-15T03:46:08+00Z,noxinfluencer
3,avgview weekly,3,Itakimo Bali,Comedy,1.2M,8.86M,https://www.noxinfluencer.com/youtube/channel/UCMwoWc6kXCqdOq6qLlH59Lw,2022-09-15T03:46:08+00Z,noxinfluencer
4,avgview weekly,3,MILYHYA,Gaming,5.05M,8.81M,https://www.noxinfluencer.com/youtube/channel/UC0ohl1eKTtlJNqbD-HWRQVg,2022-09-15T03:46:08+00Z,noxinfluencer
5,avgview weekly,2.5,Grab Indonesia,People & Blogs,402K,7.9M,https://www.noxinfluencer.com/youtube/channel/UCGW3n9AJpF31TS9hqC7FXdw,2022-09-15T03:46:08+00Z,noxinfluencer
6,avgview weekly,2,IT'S ME BCL,People & Blogs,2.96M,6.67M,https://www.noxinfluencer.com/youtube/channel/UCUlBc3wk27vIlAYDaIxtOIQ,2022-09-15T03:46:08+00Z,noxinfluencer
7,avgview weekly,3,RAFFA BADRI29,Music,1.81M,6.62M,https://www.noxinfluencer.com/youtube/channel/UCPRMSOHYjpyZ5cZZR9-rgZg,2022-09-15T03:46:08+00Z,noxinfluencer
8,avgview weekly,2,Maulana Ardiansyah,Music,2.07M,6.29M,https://www.noxinfluencer.com/youtube/channel/UCfHQmOQ1Ynej5GZsU83hOSA,2022-09-15T03:46:08+00Z,noxinfluencer
9,avgview weekly,2.5,Kredivo,Science & Technology,84.1K,6.15M,https://www.noxinfluencer.com/youtube/channel/UCMNUm-na4GVPM4qR9YqZKug,2022-09-15T03:46:08+00Z,noxinfluencer
10,avgview weekly,2.5,Mr Fian,Gaming,1.77M,5.89M,https://www.noxinfluencer.com/youtube/channel/UCtT3Ol5D1Rw4Icjt2qgsG7g,2022-09-15T03:46:08+00Z,noxinfluencer
11,avgview weekly,3,Arief Putra,Music,1.2M,5.72M,https://www.noxinfluencer.com/youtube/channel/UCmiJjv8BbzLahKpsfkQaBnA,2022-09-15T03:46:08+00Z,noxinfluencer
12,avgview weekly,3.5,WOKO CHANNEL,Comedy,2.21M,5.2M,https://www.noxinfluencer.com/youtube/channel/UCPvfUrQ8M4OmrnoGwrDuAaQ,2022-09-15T03:46:08+00Z,noxinfluencer
13,avgview weekly,2.5,IPANK PRO,Music,616K,4.85M,https://www.noxinfluencer.com/youtube/channel/UCNLjlxlDYKdGCK183mwA_ig,2022-09-15T03:46:08+00Z,noxinfluencer
14,avgview weekly,2,Tahta Rizky Origma,Travel & Events,542K,4.74M,https://www.noxinfluencer.com/youtube/channel/UCNCLmBtGIE0oXxZ0KY33KUA,2022-09-15T03:46:08+00Z,noxinfluencer
15,avgview weekly,2.5,LINTANG MEDIA,Education,4.33M,4.72M,https://www.noxinfluencer.com/youtube/channel/UCvFbK1xQGHlMBWRnGCVPF-Q,2022-09-15T03:46:08+00Z,noxinfluencer
16,avgview weekly,4,Willie Salim,People & Blogs,6.03M,4.64M,https://www.noxinfluencer.com/youtube/channel/UCPCaXSwaos-QI03iZtx8I6g,2022-09-15T03:46:08+00Z,noxinfluencer
17,avgview weekly,3,Bryan Furran,Comedy,1.84M,4.59M,https://www.noxinfluencer.com/youtube/channel/UCXHGdWKfu_AHn4Ygy7dP7oA,2022-09-15T03:46:08+00Z,noxinfluencer
18,avgview weekly,4,The tira,Entertainment,1.24M,4.49M,https://www.noxinfluencer.com/youtube/channel/UCCy2xE0E7D1QN3sp89JL7qA,2022-09-15T03:46:08+00Z,noxinfluencer
19,avgview weekly,4,BAGAS CRAFT,Film & Animation,3.21M,4.32M,https://www.noxinfluencer.com/youtube/channel/UCsO46TcN-gMwcFo3VbPav-g,2022-09-15T03:46:08+00Z,noxinfluencer
20,avgview weekly,2.5,L'Or√©al Paris Indonesia,Education,89.4K,4.29M,https://www.noxinfluencer.com/youtube/channel/UCkWwW6alB0DURnZOl5RxSJw,2022-09-15T03:46:08+00Z,noxinfluencer
21,avgview weekly,2,3way Asiska,Music,2.11M,4.26M,https://www.noxinfluencer.com/youtube/channel/UCTa6bzbqjx604RGk9FTN7bg,2022-09-15T03:46:08+00Z,noxinfluencer
22,avgview weekly,3.5,Gerrard Wijaya,Gaming,4.08M,4.17M,https://www.noxinfluencer.com/youtube/channel/UCkzbfqQmXyAPY_XEsJvkcWg,2022-09-15T03:46:08+00Z,noxinfluencer
23,avgview weekly,4.5,Billy karavdic,Comedy,2.44M,3.82M,https://www.noxinfluencer.com/youtube/channel/UC_LriaoeJN1Ea1Wts11P5uw,2022-09-15T03:46:08+00Z,noxinfluencer
24,avgview weekly,4.5,Deddy Corbuzier,Entertainment,19.4M,3.77M,https://www.noxinfluencer.com/youtube/channel/UCYk4LJI0Pr6RBDWowMm-KUw,2022-09-15T03:46:08+00Z,noxinfluencer
25,avgview weekly,4,bobacott,Gaming,1.73M,3.7M,https://www.noxinfluencer.com/youtube/channel/UC0CxleerqkHYVcJieek39rw,2022-09-15T03:46:08+00Z,noxinfluencer
26,avgview weekly,2,AHHA MUSIC,Music,1.34M,3.55M,https://www.noxinfluencer.com/youtube/channel/UC6kwA_uLrl-a3EdkY_aDJ-w,2022-09-15T03:46:08+00Z,noxinfluencer
27,avgview weekly,4,WILSON SINAI,Comedy,1.26M,3.51M,https://www.noxinfluencer.com/youtube/channel/UC7NjHQFW-iD0nZy2javtbsA,2022-09-15T03:46:08+00Z,noxinfluencer
28,avgview weekly,2,Arvian Dwi,Music,1.21M,3.47M,https://www.noxinfluencer.com/youtube/channel/UCDiZ0buP7Mx3k9bWULlNUfQ,2022-09-15T03:46:08+00Z,noxinfluencer
29,avgview weekly,4.5,WARINTIL OFFICIAL,Comedy,8.14M,3.43M,https://www.noxinfluencer.com/youtube/channel/UCEHprhvK2xu0CYKcnbMshBw,2022-09-15T03:46:08+00Z,noxinfluencer
30,avgview weekly,2,Kangen Band Official,Music,1.58M,3.4M,https://www.noxinfluencer.com/youtube/channel/UCGx_8w3WQpD2lbVLt53-BYA,2022-09-15T03:46:08+00Z,noxinfluencer
31,avgview weekly,2.5,Mitsubishi Motors Indonesia,Autos & Vehicles,61.3K,3.38M,https://www.noxinfluencer.com/youtube/channel/UCwnY-zUiFdgpHdF0dsjlK6g,2022-09-15T03:46:08+00Z,noxinfluencer
32,avgview weekly,3,Iklas Channel,Film & Animation,498K,3.33M,https://www.noxinfluencer.com/youtube/channel/UCH9BxM8jMoEzqYS2GDxYJfg,2022-09-15T03:46:08+00Z,noxinfluencer
33,avgview weekly,3.5,Itz.Lyndice,Film & Animation,738K,3.33M,https://www.noxinfluencer.com/youtube/channel/UC_cmHb36h0Pw_x_0vjc6Zng,2022-09-15T03:46:08+00Z,noxinfluencer
34,avgview weekly,3,Pastel Chocolate,Gaming,861K,3.21M,https://www.noxinfluencer.com/youtube/channel/UCa_fMXNncEQ7fOVIyyKe4ow,2022-09-15T03:46:08+00Z,noxinfluencer
35,avgview weekly,2,JUSTY ALDRIN OFFICIAL,Music,615K,3.12M,https://www.noxinfluencer.com/youtube/channel/UCxv2IqPMhL3kl8cKZWsiMlg,2022-09-15T03:46:08+00Z,noxinfluencer
36,avgview weekly,3,GadgetIn Shorts,People & Blogs,318K,3.07M,https://www.noxinfluencer.com/youtube/channel/UCebLKKJxRUN_z31oLtR_sIA,2022-09-15T03:46:08+00Z,noxinfluencer
37,avgview weekly,3.5,Azizah N Ferry,People & Blogs,675K,3.01M,https://www.noxinfluencer.com/youtube/channel/UCTUgbCQF0rxBL36Ko9w-Yvw,2022-09-15T03:46:08+00Z,noxinfluencer
38,avgview weekly,4.5,Arif muhammad,Comedy,14.5M,2.89M,https://www.noxinfluencer.com/youtube/channel/UCfx3oPv3cJm2aCJ7UnhKx8A,2022-09-15T03:46:08+00Z,noxinfluencer
39,avgview weekly,3,Timur Kota Official,Entertainment,1.12M,2.88M,https://www.noxinfluencer.com/youtube/channel/UCjIswo364A23e-nrGx0BCbA,2022-09-15T03:46:08+00Z,noxinfluencer
40,avgview weekly,3,DENNY CAKNAN,Entertainment,5.17M,2.86M,https://www.noxinfluencer.com/youtube/channel/UC0k3T5AJYvKnuc52bB7rJTA,2022-09-15T03:46:08+00Z,noxinfluencer
41,avgview weekly,2,Bulan Sutena,Music,885K,2.85M,https://www.noxinfluencer.com/youtube/channel/UCq6AeGWz7kHWV_A7nZKvbzA,2022-09-15T03:46:08+00Z,noxinfluencer
42,avgview weekly,2,indofoodvideos,Entertainment,244K,2.84M,https://www.noxinfluencer.com/youtube/channel/UCetVBycG300ofGqw9iLg5aw,2022-09-15T03:46:08+00Z,noxinfluencer
43,avgview weekly,2,WardahBeauty,People & Blogs,284K,2.76M,https://www.noxinfluencer.com/youtube/channel/UCG-dvInQRUkiZdr_50jp9jw,2022-09-15T03:46:08+00Z,noxinfluencer
44,avgview weekly,3.5,DC. PRODUCTION,Music,1.98M,2.69M,https://www.noxinfluencer.com/youtube/channel/UC7FE8E7nCP-sJO8o4FTo93Q,2022-09-15T03:46:08+00Z,noxinfluencer
45,avgview weekly,3,Dokter Richard YL,Education,77.7K,2.65M,https://www.noxinfluencer.com/youtube/channel/UCb51ilLJxUAuJNj4QrHs4hA,2022-09-15T03:46:08+00Z,noxinfluencer
46,avgview weekly,2,Rere Family,Entertainment,208K,2.53M,https://www.noxinfluencer.com/youtube/channel/UCTGsjjQmhyNDdSHLaBrtnfA,2022-09-15T03:46:08+00Z,noxinfluencer
47,avgview weekly,2,Rainych Ran,Music,2.2M,2.53M,https://www.noxinfluencer.com/youtube/channel/UCrrfJ_8kX6YyXE7F3pDJzEw,2022-09-15T03:46:08+00Z,noxinfluencer
48,avgview weekly,2.5,Andra Respati Official,Music,1.31M,2.52M,https://www.noxinfluencer.com/youtube/channel/UCqjkO6DmMoJktWyhxi5xC4g,2022-09-15T03:46:08+00Z,noxinfluencer
49,avgview weekly,3,Craft and Makeup,Film & Animation,299K,2.5M,https://www.noxinfluencer.com/youtube/channel/UCEqsa6OPRre4Z3J4ZkATNAw,2022-09-15T03:46:08+00Z,noxinfluencer
50,avgview weekly,3,AppleSauceCraft,Film & Animation,2.22M,2.4M,https://www.noxinfluencer.com/youtube/channel/UC5-SnOk8O_KGFi8l06zrDow,2022-09-15T03:46:08+00Z,noxinfluencer
51,avgview weekly,3.5,GIHON MAREL LOIMALITNA,Music,465K,2.38M,https://www.noxinfluencer.com/youtube/channel/UC30YyFO02NMXOrL2OOmP-qA,2022-09-15T03:46:08+00Z,noxinfluencer
52,avgview weekly,2,Aldo Bz,Music,495K,2.37M,https://www.noxinfluencer.com/youtube/channel/UCNi1oPnYBLUAYfIabenDuRQ,2022-09-15T03:46:08+00Z,noxinfluencer
53,avgview weekly,2.5,TMG Riz,Entertainment,852K,2.35M,https://www.noxinfluencer.com/youtube/channel/UCRsN-4Nsdr9I26ZDbrFsIsg,2022-09-15T03:46:08+00Z,noxinfluencer
54,avgview weekly,4.5,Irfan Ghafur,Comedy,1.49M,2.3M,https://www.noxinfluencer.com/youtube/channel/UCLozEncn6EDu_M2e-I3ZABg,2022-09-15T03:46:08+00Z,noxinfluencer
55,avgview weekly,3.5,Alip_Ba_Ta,Music,5.55M,2.25M,https://www.noxinfluencer.com/youtube/channel/UCcHGALtfZtBRU_lzMaBm9Wg,2022-09-15T03:46:08+00Z,noxinfluencer
56,avgview weekly,3.5,Dino Saiki,Gaming,1.26M,2.23M,https://www.noxinfluencer.com/youtube/channel/UCqKfQ1AuKY1qP-Nc_8oVbXQ,2022-09-15T03:46:08+00Z,noxinfluencer
57,avgview weekly,3.5,Kananda Widyantara,Gaming,5.1M,2.21M,https://www.noxinfluencer.com/youtube/channel/UCveWi6uuOZbGODjcVWJMW7Q,2022-09-15T03:46:08+00Z,noxinfluencer
58,avgview weekly,2,HiLo School,Education,10.2K,2.19M,https://www.noxinfluencer.com/youtube/channel/UCovQ47wFQUDR4aNnKjjsWkg,2022-09-15T03:46:08+00Z,noxinfluencer
59,avgview weekly,4.5,SebutSaja Dayat,Comedy,2.22M,2.18M,https://www.noxinfluencer.com/youtube/channel/UCAhd_ILXgiRtpZew12-VBJA,2022-09-15T03:46:08+00Z,noxinfluencer
60,avgview weekly,4,Fiki Naki,Entertainment,5.9M,2.15M,https://www.noxinfluencer.com/youtube/channel/UCL3jS4gOZ-wJA7oeV8c7low,2022-09-15T03:46:08+00Z,noxinfluencer
61,avgview weekly,3,Rzendhix,Gaming,433K,2.13M,https://www.noxinfluencer.com/youtube/channel/UCResdHkcephrGVlWUTAZURA,2022-09-15T03:46:08+00Z,noxinfluencer
62,avgview weekly,3.5,Ciconimation,Film & Animation,993K,2.1M,https://www.noxinfluencer.com/youtube/channel/UCviCZWXeTfupHUzb7WBOLQA,2022-09-15T03:46:08+00Z,noxinfluencer
63,avgview weekly,4.5,tanboy kun,Entertainment,16.4M,2.09M,https://www.noxinfluencer.com/youtube/channel/UC8rHUssNDJ9YEjfduAqJBmw,2022-09-15T03:46:08+00Z,noxinfluencer
64,avgview weekly,3,Huawei Mobile Indonesia,Travel & Events,146K,2.05M,https://www.noxinfluencer.com/youtube/channel/UCUyuR2sKOBY_xGsqS96LRbQ,2022-09-15T03:46:08+00Z,noxinfluencer
65,avgview weekly,2.5,Maulana Wijaya,Music,270K,2.02M,https://www.noxinfluencer.com/youtube/channel/UCf8_mc-Zoumi_smfomlmzgg,2022-09-15T03:46:08+00Z,noxinfluencer
66,avgview weekly,2.5,arsitek channel,Education,549K,2.02M,https://www.noxinfluencer.com/youtube/channel/UC4KPtxaHvjiQEhb1Yt5pnZg,2022-09-15T03:46:08+00Z,noxinfluencer
67,avgview weekly,3.5,vivo Indonesia,Science & Technology,2.21M,1.99M,https://www.noxinfluencer.com/youtube/channel/UCKONryt63ztbYmCZzxen7tA,2022-09-15T03:46:08+00Z,noxinfluencer
68,avgview weekly,3.5,Thomas Arya,Music,1.63M,1.98M,https://www.noxinfluencer.com/youtube/channel/UCtkdqUqJZ1b8yt4cE1cDrNQ,2022-09-15T03:46:08+00Z,noxinfluencer
69,avgview weekly,4,Refiharydi,Comedy,893K,1.97M,https://www.noxinfluencer.com/youtube/channel/UCpTciNv3KyTYgdhE5RW3-mg,2022-09-15T03:46:08+00Z,noxinfluencer
70,avgview weekly,4,Steven Stenly,People & Blogs,1.88M,1.93M,https://www.noxinfluencer.com/youtube/channel/UCr-r_tzquFizdtE1_ICfJLg,2022-09-15T03:46:08+00Z,noxinfluencer
71,avgview weekly,2,OVO - Payment & Points,Entertainment,145K,1.91M,https://www.noxinfluencer.com/youtube/channel/UCtu3stb17wcL-6EBLaNZCnw,2022-09-15T03:46:08+00Z,noxinfluencer
72,avgview weekly,4,PESULAP MERAH PRODUCTIONS,Education,2.89M,1.84M,https://www.noxinfluencer.com/youtube/channel/UC6MPC52WuxbE2n7QQ23qvjw,2022-09-15T03:46:08+00Z,noxinfluencer
73,avgview weekly,4,GadgetIn,Science & Technology,9.8M,1.8M,https://www.noxinfluencer.com/youtube/channel/UC1dI4tO13ApuSX0QeX8pHng,2022-09-15T03:46:08+00Z,noxinfluencer
74,avgview weekly,2,UyyusFunVideo,Music,1.25M,1.78M,https://www.noxinfluencer.com/youtube/channel/UCiL0s4mqzY7dM2t0EqAlTiw,2022-09-15T03:46:08+00Z,noxinfluencer
75,avgview weekly,3.5,IM3,Entertainment,512K,1.76M,https://www.noxinfluencer.com/youtube/channel/UCBE2nbZbs2kpcM33TAjzInw,2022-09-15T03:46:08+00Z,noxinfluencer
76,avgview weekly,3,Resya Mesya,Entertainment,108K,1.75M,https://www.noxinfluencer.com/youtube/channel/UC88ZcNqiNLDycaaUIFn5Wlg,2022-09-15T03:46:08+00Z,noxinfluencer
77,avgview weekly,2,david iztambul,Entertainment,254K,1.72M,https://www.noxinfluencer.com/youtube/channel/UClEnYFWcJKlHeXis2j-GboA,2022-09-15T03:46:08+00Z,noxinfluencer
78,avgview weekly,2,mawarosa 80,Film & Animation,1.76M,1.71M,https://www.noxinfluencer.com/youtube/channel/UCfzg8Jo-o3tlkenRhLPjSoA,2022-09-15T03:46:08+00Z,noxinfluencer
79,avgview weekly,2.5,Edhen Gamer,Gaming,228K,1.7M,https://www.noxinfluencer.com/youtube/channel/UC3PGr0C2wFhIRQYsr0Pn5Og,2022-09-15T03:46:08+00Z,noxinfluencer
80,avgview weekly,3,Heriss Skuyy,Entertainment,778K,1.69M,https://www.noxinfluencer.com/youtube/channel/UC3xh_A0f5M_w1VA8s_71YlQ,2022-09-15T03:46:08+00Z,noxinfluencer
81,avgview weekly,2.5,L-Men Official,People & Blogs,69.8K,1.66M,https://www.noxinfluencer.com/youtube/channel/UCfeXfRkRPddximKr5ovsNrg,2022-09-15T03:46:08+00Z,noxinfluencer
82,avgview weekly,2,UYE tone,Music,4.39M,1.65M,https://www.noxinfluencer.com/youtube/channel/UCX7RJTce2MLIfE4e8QxRl4g,2022-09-15T03:46:08+00Z,noxinfluencer
83,avgview weekly,3.5,Nasihat Kehidupan,Entertainment,1.65M,1.64M,https://www.noxinfluencer.com/youtube/channel/UCcNqyelMHKmsKCSVjpSAzxw,2022-09-15T03:46:08+00Z,noxinfluencer
84,avgview weekly,2,VIVI ARTIKA,Music,238K,1.63M,https://www.noxinfluencer.com/youtube/channel/UCj5gsQBi068pYbJHUmSjPUw,2022-09-15T03:46:08+00Z,noxinfluencer
85,avgview weekly,2.5,OPPO Indonesia,Entertainment,1.39M,1.59M,https://www.noxinfluencer.com/youtube/channel/UCZ4i1fLzkZ9O3-f2BvWG7_Q,2022-09-15T03:46:08+00Z,noxinfluencer
86,avgview weekly,3.5,Edwin,Film & Animation,1.11M,1.57M,https://www.noxinfluencer.com/youtube/channel/UCj1g6-RzNx4hvVE4IMzAWuA,2022-09-15T03:46:08+00Z,noxinfluencer
87,avgview weekly,2,Dhan Cool,Gaming,1.11M,1.57M,https://www.noxinfluencer.com/youtube/channel/UCrNrXeECv12JmOAF2r01K5g,2022-09-15T03:46:08+00Z,noxinfluencer
88,avgview weekly,3,Diena Fitri,People & Blogs,591K,1.56M,https://www.noxinfluencer.com/youtube/channel/UCMhpSg4jPCFSCcuPYxuOrmw,2022-09-15T03:46:08+00Z,noxinfluencer
89,avgview weekly,3.5,Jessica Jane,Entertainment,10.9M,1.56M,https://www.noxinfluencer.com/youtube/channel/UCFuM3BWlLM3YbLjkXBiJ8-A,2022-09-15T03:46:08+00Z,noxinfluencer
90,avgview weekly,2,BUDI01 GAMING,Gaming,12.7M,1.54M,https://www.noxinfluencer.com/youtube/channel/UC8qp0ZmavLOGeSdLxSUZO8w,2022-09-15T03:46:08+00Z,noxinfluencer
91,avgview weekly,3,Londokampung,Entertainment,4.74M,1.54M,https://www.noxinfluencer.com/youtube/channel/UCADZVxC_4omYiNDLcsDoCeg,2022-09-15T03:46:08+00Z,noxinfluencer
92,avgview weekly,4,TRISNA MUSIC,Music,545K,1.54M,https://www.noxinfluencer.com/youtube/channel/UCsX6KBGngxQNW6By9VVPBuw,2022-09-15T03:46:08+00Z,noxinfluencer
93,avgview weekly,4,Vilmei,Entertainment,4.32M,1.51M,https://www.noxinfluencer.com/youtube/channel/UC90xz-i20jmoZhI8RMLzzjA,2022-09-15T03:46:08+00Z,noxinfluencer
94,avgview weekly,3,Rizka CH,Gaming,748K,1.5M,https://www.noxinfluencer.com/youtube/channel/UC4lT8b7j4Aovm4TTTnR_RVQ,2022-09-15T03:46:08+00Z,noxinfluencer
95,avgview weekly,2,Indah Yastami,Music,1.72M,1.5M,https://www.noxinfluencer.com/youtube/channel/UC6BG8RY8t272EEhCq5Hsnng,2022-09-15T03:46:08+00Z,noxinfluencer
96,avgview weekly,3.5,Ria SW,Entertainment,4.02M,1.5M,https://www.noxinfluencer.com/youtube/channel/UCepgnl-TtJ8DurHdC6EE22w,2022-09-15T03:46:08+00Z,noxinfluencer
97,avgview weekly,2.5,Keluarga Bule Gokil,People & Blogs,1.24M,1.5M,https://www.noxinfluencer.com/youtube/channel/UCEyDUZ6kJCGiYj_IWFMc9Mg,2022-09-15T03:46:08+00Z,noxinfluencer
98,avgview weekly,3.5,Yulian The Series,Entertainment,911K,1.48M,https://www.noxinfluencer.com/youtube/channel/UClR9Ll8OGdfkVsyKrwe7Msw,2022-09-15T03:46:08+00Z,noxinfluencer
99,avgview weekly,2,SLEMANRECEH OFFICIAL,Music,203K,1.48M,https://www.noxinfluencer.com/youtube/channel/UCq1MJkhod7H6Lz-ycJ6P9cA,2022-09-15T03:46:08+00Z,noxinfluencer
100,avgview weekly,2,Vinastar Channel,Howto & Style,1.41M,1.47M,https://www.noxinfluencer.com/youtube/channel/UCCGeNT4XL_q0ENuRPR0l1fQ,2022-09-15T03:46:08+00Z,noxinfluencer
1,noxscore weekly,4.5,Deddy Corbuzier,Entertainment,19.4M,3.77M,https://www.noxinfluencer.com/youtube/channel/UCYk4LJI0Pr6RBDWowMm-KUw,2022-09-15T03:46:09+00Z,noxinfluencer
2,noxscore weekly,4.5,WARINTIL OFFICIAL,Comedy,8.14M,3.43M,https://www.noxinfluencer.com/youtube/channel/UCEHprhvK2xu0CYKcnbMshBw,2022-09-15T03:46:09+00Z,noxinfluencer
3,noxscore weekly,4.5,Klara Tania,Film & Animation,4.95M,1.24M,https://www.noxinfluencer.com/youtube/channel/UC4rHBMP2rGPuFk9F-JlGzbQ,2022-09-15T03:46:09+00Z,noxinfluencer
4,noxscore weekly,4.5,Arman Vesona,Music,1.79M,1.1M,https://www.noxinfluencer.com/youtube/channel/UCRhmWtGmW2lJ_CNGXP6hvIQ,2022-09-15T03:46:09+00Z,noxinfluencer
5,noxscore weekly,4.5,tanboy kun,Entertainment,16.4M,2.09M,https://www.noxinfluencer.com/youtube/channel/UC8rHUssNDJ9YEjfduAqJBmw,2022-09-15T03:46:09+00Z,noxinfluencer
6,noxscore weekly,4.5,KANG DEDI MULYADI CHANNEL,People & Blogs,3.85M,346.19K,https://www.noxinfluencer.com/youtube/channel/UCopjJE-RzBmv4MID-E1Oiyg,2022-09-15T03:46:09+00Z,noxinfluencer
7,noxscore weekly,4.5,agogo violin,Music,3.1M,772.31K,https://www.noxinfluencer.com/youtube/channel/UCXgopF7tBWogPbyJWWRmxzQ,2022-09-15T03:46:09+00Z,noxinfluencer
8,noxscore weekly,4.5,Nihongo Mantappu,People & Blogs,9.68M,1.15M,https://www.noxinfluencer.com/youtube/channel/UC1Gmqqs_Myzl2KHIeqfUC9A,2022-09-15T03:46:09+00Z,noxinfluencer
9,noxscore weekly,4.5,X Factor Indonesia,Entertainment,2.78M,476.13K,https://www.noxinfluencer.com/youtube/channel/UCl0AXmYD5-9ZwQfafFi81ZA,2022-09-15T03:46:09+00Z,noxinfluencer
10,noxscore weekly,4.5,CnX Adventurers,Entertainment,6.1M,866.69K,https://www.noxinfluencer.com/youtube/channel/UCrjWoQ3vlzLrKweYk5jAl1w,2022-09-15T03:46:09+00Z,noxinfluencer
11,noxscore weekly,4.5,celloszxz,Comedy,2.54M,1.27M,https://www.noxinfluencer.com/youtube/channel/UCYeySNdFnZg7vfGGPCR9ePw,2022-09-15T03:46:09+00Z,noxinfluencer
12,noxscore weekly,4.5,Arif muhammad,Comedy,14.5M,2.89M,https://www.noxinfluencer.com/youtube/channel/UCfx3oPv3cJm2aCJ7UnhKx8A,2022-09-15T03:46:09+00Z,noxinfluencer
13,noxscore weekly,4.5,ACI GameSpot,Gaming,3.09M,330.6K,https://www.noxinfluencer.com/youtube/channel/UCiowUSwj8stvWzgQBUe3ldg,2022-09-15T03:46:09+00Z,noxinfluencer
14,noxscore weekly,4.5,Medy Renaldy,Entertainment,2.14M,555.56K,https://www.noxinfluencer.com/youtube/channel/UCaTnE9YXQ-re5774VD_ck3A,2022-09-15T03:46:09+00Z,noxinfluencer
15,noxscore weekly,4.5,leika garudita,People & Blogs,2.79M,329.53K,https://www.noxinfluencer.com/youtube/channel/UC319beYXwD_d1vVWbzpepmA,2022-09-15T03:46:09+00Z,noxinfluencer
16,noxscore weekly,4.5,Jeevan Akawa,Comedy,8.08M,323.13K,https://www.noxinfluencer.com/youtube/channel/UC4Z9EjODYWG91KEk-Q8DWPw,2022-09-15T03:46:09+00Z,noxinfluencer
17,noxscore weekly,4.5,Mikael Family,People & Blogs,5.54M,553.26K,https://www.noxinfluencer.com/youtube/channel/UC6SnUbITMvm6nfC7G1PPtUA,2022-09-15T03:46:09+00Z,noxinfluencer
18,noxscore weekly,4.5,Ujung Oppa,Entertainment,2.38M,679.66K,https://www.noxinfluencer.com/youtube/channel/UCZzBo93GNFKHU95guN2X9oA,2022-09-15T03:46:09+00Z,noxinfluencer
19,noxscore weekly,4.5,Putih Abu-Abu,Music,7.11M,1.35M,https://www.noxinfluencer.com/youtube/channel/UCIqzqfsgUqctbM-MANntwuQ,2022-09-15T03:46:09+00Z,noxinfluencer
20,noxscore weekly,4.5,Irfan Ghafur,Comedy,1.49M,2.3M,https://www.noxinfluencer.com/youtube/channel/UCLozEncn6EDu_M2e-I3ZABg,2022-09-15T03:46:09+00Z,noxinfluencer
21,noxscore weekly,4.5,Teguh Suwandi,Entertainment,4.6M,729.23K,https://www.noxinfluencer.com/youtube/channel/UCue6eExY45NWm485hgnz35A,2022-09-15T03:46:09+00Z,noxinfluencer
22,noxscore weekly,4.5,Ale Khin,Film & Animation,3.39M,1.43M,https://www.noxinfluencer.com/youtube/channel/UCDiKM_-ueawxR2gQsCl8Biw,2022-09-15T03:46:09+00Z,noxinfluencer
23,noxscore weekly,4.5,WILSON KIDDY,Gaming,2.96M,272.77K,https://www.noxinfluencer.com/youtube/channel/UCIOAc6M9hd1-cK6cqn8h9mw,2022-09-15T03:46:09+00Z,noxinfluencer
24,noxscore weekly,4.5,Billy karavdic,Comedy,2.44M,3.82M,https://www.noxinfluencer.com/youtube/channel/UC_LriaoeJN1Ea1Wts11P5uw,2022-09-15T03:46:09+00Z,noxinfluencer
25,noxscore weekly,4.5,Si Jojo,People & Blogs,1.21M,9.63K,https://www.noxinfluencer.com/youtube/channel/UCtTUFAuX4gN8drrGjnjV7ug,2022-09-15T03:46:09+00Z,noxinfluencer
26,noxscore weekly,4.5,Diego Takupaz,Entertainment,1.13M,362.03K,https://www.noxinfluencer.com/youtube/channel/UCxdLgSVC41Ph6xES3q-MQrQ,2022-09-15T03:46:09+00Z,noxinfluencer
27,noxscore weekly,4.5,Arfandi Moko,Gaming,2.07M,377.33K,https://www.noxinfluencer.com/youtube/channel/UCSErGXpT1__vy6KRv6J9EWw,2022-09-15T03:46:09+00Z,noxinfluencer
28,noxscore weekly,4.5,Mikael TubeHD,People & Blogs,9.09M,684.37K,https://www.noxinfluencer.com/youtube/channel/UCFSqAZl3AxxMyaHouB2GKSg,2022-09-15T03:46:09+00Z,noxinfluencer
29,noxscore weekly,4.5,Tekotok,Film & Animation,2.24M,376.51K,https://www.noxinfluencer.com/youtube/channel/UCFhzJ5UfoTlOxJT8xYoTuDw,2022-09-15T03:46:09+00Z,noxinfluencer
30,noxscore weekly,4.5,Tenny TAP TV,People & Blogs,2.01M,143.17K,https://www.noxinfluencer.com/youtube/channel/UCfaVlWv2Y7-eEXDL9mO2AIg,2022-09-15T03:46:09+00Z,noxinfluencer
31,noxscore weekly,4.5,AKUDAV,Gaming,1.46M,402.35K,https://www.noxinfluencer.com/youtube/channel/UCGGwuSrxDFQymf66OdM_-pw,2022-09-15T03:46:09+00Z,noxinfluencer
32,noxscore weekly,4.5,Pratiwi Noviyanthi,People & Blogs,3.45M,102.51K,https://www.noxinfluencer.com/youtube/channel/UCewbIYUFgy7nMkWmg0S7NVA,2022-09-15T03:46:09+00Z,noxinfluencer
33,noxscore weekly,4.5,Abil Fatan Key,Entertainment,2.61M,1.42M,https://www.noxinfluencer.com/youtube/channel/UC_ZOTUKElo6eYCGKFYZKvmA,2022-09-15T03:46:09+00Z,noxinfluencer
34,noxscore weekly,4.5,RJL 5 - Fajar Aditya,Entertainment,2.48M,616.82K,https://www.noxinfluencer.com/youtube/channel/UCiFM5EHunF5tL0pMR6Pooaw,2022-09-15T03:46:09+00Z,noxinfluencer
35,noxscore weekly,4.5,My.Ladyquinn,People & Blogs,2.46M,230.62K,https://www.noxinfluencer.com/youtube/channel/UCU6wBwJoDLgndT0R4liH7-A,2022-09-15T03:46:09+00Z,noxinfluencer
36,noxscore weekly,4.5,SebutSaja Dayat,Comedy,2.22M,2.18M,https://www.noxinfluencer.com/youtube/channel/UCAhd_ILXgiRtpZew12-VBJA,2022-09-15T03:46:09+00Z,noxinfluencer
37,noxscore weekly,4.5,BANGJBLOX,Gaming,1.36M,332.17K,https://www.noxinfluencer.com/youtube/channel/UClfw7Mx0Vmh4hDAT0STSohw,2022-09-15T03:46:09+00Z,noxinfluencer
38,noxscore weekly,4.5,Jonathan Liandi,Gaming,4.85M,382.55K,https://www.noxinfluencer.com/youtube/channel/UCmtAg_U0wvmWdxTlceISdEw,2022-09-15T03:46:09+00Z,noxinfluencer
39,noxscore weekly,4.5,Wolfoo Indonesia,Entertainment,1.64M,439.86K,https://www.noxinfluencer.com/youtube/channel/UCuvNb-QFBOJxuV-dzNizAoA,2022-09-15T03:46:09+00Z,noxinfluencer
40,noxscore weekly,4.5,Leslar Entertainment,Entertainment,1.38M,345.49K,https://www.noxinfluencer.com/youtube/channel/UCzeRCr1-PmVfJRy6NDP1zbg,2022-09-15T03:46:09+00Z,noxinfluencer
41,noxscore weekly,4.5,LuanLuan,Gaming,1.24M,88.51K,https://www.noxinfluencer.com/youtube/channel/UCxrcE1OZsT2mPpvpS-cqXDQ,2022-09-15T03:46:09+00Z,noxinfluencer
42,noxscore weekly,4.5,Mythia Batford,Gaming,664K,38.16K,https://www.noxinfluencer.com/youtube/channel/UCCK072ns5Bt1nYqX1CoaZ-g,2022-09-15T03:46:09+00Z,noxinfluencer
43,noxscore weekly,4,Timotius Mulyadi,Sports,1.8M,561.6K,https://www.noxinfluencer.com/youtube/channel/UC8cmzkog5JEMw9gsZbVm6yA,2022-09-15T03:46:09+00Z,noxinfluencer
44,noxscore weekly,4,maharani kemala,Howto & Style,1.06M,206.77K,https://www.noxinfluencer.com/youtube/channel/UC1tmz3OssUwnhG1vgI7PArg,2022-09-15T03:46:09+00Z,noxinfluencer
45,noxscore weekly,4,Indonesia's Next Top Models,Music,785K,466.01K,https://www.noxinfluencer.com/youtube/channel/UChFRHojUZJ9KfC4SHcN5wZA,2022-09-15T03:46:09+00Z,noxinfluencer
46,noxscore weekly,4,Fahmi Nur Muhamad,People & Blogs,1.81M,181.34K,https://www.noxinfluencer.com/youtube/channel/UCWfUf7vHo3Mjc370Ur1nqCg,2022-09-15T03:46:09+00Z,noxinfluencer
47,noxscore weekly,4,deHakims Aviary,Pets & Animals,1.54M,503.34K,https://www.noxinfluencer.com/youtube/channel/UCrFPKPs7e3zeZzcEe-lW8-A,2022-09-15T03:46:09+00Z,noxinfluencer
48,noxscore weekly,4,Vilmei,Entertainment,4.32M,1.51M,https://www.noxinfluencer.com/youtube/channel/UC90xz-i20jmoZhI8RMLzzjA,2022-09-15T03:46:09+00Z,noxinfluencer
49,noxscore weekly,4,Steven Stenly,People & Blogs,1.88M,1.93M,https://www.noxinfluencer.com/youtube/channel/UCr-r_tzquFizdtE1_ICfJLg,2022-09-15T03:46:09+00Z,noxinfluencer
50,noxscore weekly,4,Bella Kuku Tanesia,Entertainment,1.11M,272.67K,https://www.noxinfluencer.com/youtube/channel/UCLfqVNhKUHE2ihQB5qrabOw,2022-09-15T03:46:09+00Z,noxinfluencer
51,noxscore weekly,4,Refiharydi,Comedy,893K,1.97M,https://www.noxinfluencer.com/youtube/channel/UCpTciNv3KyTYgdhE5RW3-mg,2022-09-15T03:46:09+00Z,noxinfluencer
52,noxscore weekly,4,Henny Adella,Music,1.67M,429.24K,https://www.noxinfluencer.com/youtube/channel/UCP3J77MiNCYxhRnfHmeWk7Q,2022-09-15T03:46:09+00Z,noxinfluencer
53,noxscore weekly,4,deHakims Story,Entertainment,1.57M,450.61K,https://www.noxinfluencer.com/youtube/channel/UC-ZBZcmxa1Tk3xDGo7ZXo8w,2022-09-15T03:46:09+00Z,noxinfluencer
54,noxscore weekly,4,KATAK STVNS 70,People & Blogs,1.47M,297.06K,https://www.noxinfluencer.com/youtube/channel/UCoCGtbyMcZjQXThRP2x8-Sw,2022-09-15T03:46:09+00Z,noxinfluencer
55,noxscore weekly,4,K U B I L E R,People & Blogs,1.02M,321.57K,https://www.noxinfluencer.com/youtube/channel/UCeQWk5ydS7-cjrbaadJaDrA,2022-09-15T03:46:09+00Z,noxinfluencer
56,noxscore weekly,4,KELUARGA BOCOR,Comedy,846K,23.16K,https://www.noxinfluencer.com/youtube/channel/UCN5s64Cw2luXWyxl-FGoU-Q,2022-09-15T03:46:09+00Z,noxinfluencer
57,noxscore weekly,4,OPI Esportainment,Gaming,781K,1.35M,https://www.noxinfluencer.com/youtube/channel/UCN8UlBQUfWyFzj3y0850j1A,2022-09-15T03:46:09+00Z,noxinfluencer
58,noxscore weekly,4,Scary Teacher Love,Gaming,3.22M,1.02M,https://www.noxinfluencer.com/youtube/channel/UCh4F48uTUoNsiwtKmItNW2Q,2022-09-15T03:46:09+00Z,noxinfluencer
59,noxscore weekly,4,Top Global Miya,Gaming,2.22M,89.02K,https://www.noxinfluencer.com/youtube/channel/UCwRHhTBcrBYhWoWQiuNDAOA,2022-09-15T03:46:09+00Z,noxinfluencer
60,noxscore weekly,4,Tema Indonesia,Entertainment,2.17M,388.09K,https://www.noxinfluencer.com/youtube/channel/UCs2LTDcI9yoVT5lhX38Y5TA,2022-09-15T03:46:09+00Z,noxinfluencer
61,noxscore weekly,4,GARUDA WISNU SATRIA MUDA,Entertainment,3.07M,405.29K,https://www.noxinfluencer.com/youtube/channel/UCuMg4Dcg3uiqjtenGXEZiRw,2022-09-15T03:46:09+00Z,noxinfluencer
62,noxscore weekly,4,Langit Entertainment,Entertainment,1.19M,80.04K,https://www.noxinfluencer.com/youtube/channel/UC5foCJHEPupNHMvHTDN8sDA,2022-09-15T03:46:09+00Z,noxinfluencer
63,noxscore weekly,4,Fanny Tjandra,Gaming,957K,223.29K,https://www.noxinfluencer.com/youtube/channel/UCM4m4jzE3UG1yQWJQH59gjA,2022-09-15T03:46:09+00Z,noxinfluencer
64,noxscore weekly,4,Balomba,Entertainment,706K,762.57K,https://www.noxinfluencer.com/youtube/channel/UCTNyONs3U2XnpqxUC3CUBew,2022-09-15T03:46:09+00Z,noxinfluencer
65,noxscore weekly,4,WILSON SINAI,Comedy,1.26M,3.51M,https://www.noxinfluencer.com/youtube/channel/UC7NjHQFW-iD0nZy2javtbsA,2022-09-15T03:46:09+00Z,noxinfluencer
66,noxscore weekly,4,HaYoGo,Gaming,1.06M,146.61K,https://www.noxinfluencer.com/youtube/channel/UCnQ-LTP1uBTL9vgDUW6_IHw,2022-09-15T03:46:09+00Z,noxinfluencer
67,noxscore weekly,4,MOOMOO,Gaming,973K,256.83K,https://www.noxinfluencer.com/youtube/channel/UCqzxU2_l0r_48-RAy0lBHWg,2022-09-15T03:46:09+00Z,noxinfluencer
68,noxscore weekly,4,Dian Bara,People & Blogs,877K,310.54K,https://www.noxinfluencer.com/youtube/channel/UCo-eH20fR3_U-lQU3vchj6w,2022-09-15T03:46:09+00Z,noxinfluencer
69,noxscore weekly,4,Kanal Anak Bangsa,Education,630K,51.75K,https://www.noxinfluencer.com/youtube/channel/UC5TAFExUssXTwWP6bz9bqfw,2022-09-15T03:46:09+00Z,noxinfluencer
70,noxscore weekly,4,RRQ ALBERTTT,Gaming,1.54M,486.62K,https://www.noxinfluencer.com/youtube/channel/UC7ku_EXuULMyDZTyWpoMsKw,2022-09-15T03:46:09+00Z,noxinfluencer
71,noxscore weekly,4,nurrayni25,Entertainment,1.24M,20.2K,https://www.noxinfluencer.com/youtube/channel/UCKV1tnE1MSeKxFz0aPcgzZg,2022-09-15T03:46:09+00Z,noxinfluencer
72,noxscore weekly,4,Ditdim Vlog,Entertainment,803K,250.52K,https://www.noxinfluencer.com/youtube/channel/UCk5R9BUy3LYm6hzTFhgguUw,2022-09-15T03:46:09+00Z,noxinfluencer
73,noxscore weekly,4,Military Analysis,People & Blogs,269K,5.82K,https://www.noxinfluencer.com/youtube/channel/UCXgktcSwEGiLlv2g79P7sBA,2022-09-15T03:46:09+00Z,noxinfluencer
74,noxscore weekly,4,Alshad Ahmad,Pets & Animals,5.7M,1.11M,https://www.noxinfluencer.com/youtube/channel/UC3vEIgE_o46HVa8QrPa8Svg,2022-09-15T03:46:09+00Z,noxinfluencer
75,noxscore weekly,4,Fathir Salim,Entertainment,223K,257.67K,https://www.noxinfluencer.com/youtube/channel/UCl3DTzyJLo5a-8Mkw4KGAqQ,2022-09-15T03:46:09+00Z,noxinfluencer
76,noxscore weekly,4,Candra Dewi & Fika Official,People & Blogs,2.98M,515.59K,https://www.noxinfluencer.com/youtube/channel/UCVf7CD-q7sQq37VrvjvY1JQ,2022-09-15T03:46:09+00Z,noxinfluencer
77,noxscore weekly,4,SULE FAMILY,Entertainment,2.69M,172.56K,https://www.noxinfluencer.com/youtube/channel/UCf_1eJEpCBL1-lEb5_-Kj_g,2022-09-15T03:46:09+00Z,noxinfluencer
78,noxscore weekly,4,bobacott,Gaming,1.73M,3.7M,https://www.noxinfluencer.com/youtube/channel/UC0CxleerqkHYVcJieek39rw,2022-09-15T03:46:09+00Z,noxinfluencer
79,noxscore weekly,4,Koko Edric,People & Blogs,344K,223.77K,https://www.noxinfluencer.com/youtube/channel/UC4XVwToc1Q4sivjGV1IeAMw,2022-09-15T03:46:09+00Z,noxinfluencer
80,noxscore weekly,4,ZIDAN OFFICIAL,Entertainment,2.36M,14.75K,https://www.noxinfluencer.com/youtube/channel/UC45u9zlg84Ii4DnsDwZm7xg,2022-09-15T03:46:09+00Z,noxinfluencer
81,noxscore weekly,4,Davin OFFICIAL,People & Blogs,1.06M,885.05K,https://www.noxinfluencer.com/youtube/channel/UC2XitHe1yGZ_juhheEzAF2g,2022-09-15T03:46:09+00Z,noxinfluencer
82,noxscore weekly,4,Sesyani,Music,506K,40.3K,https://www.noxinfluencer.com/youtube/channel/UCI4zK6vCIEn7sT4svcT8lXg,2022-09-15T03:46:09+00Z,noxinfluencer
83,noxscore weekly,4,NovelToonTV,Film & Animation,162K,39.24K,https://www.noxinfluencer.com/youtube/channel/UCNGNmJ0TjUXQhTIK96nhBaQ,2022-09-15T03:46:09+00Z,noxinfluencer
84,noxscore weekly,4,Ikhsanzzz,Gaming,213K,48.01K,https://www.noxinfluencer.com/youtube/channel/UCkgF8e3oY1RUWkxA9k5wsww,2022-09-15T03:46:09+00Z,noxinfluencer
85,noxscore weekly,4,GadgetIn,Science & Technology,9.8M,1.8M,https://www.noxinfluencer.com/youtube/channel/UC1dI4tO13ApuSX0QeX8pHng,2022-09-15T03:46:09+00Z,noxinfluencer
86,noxscore weekly,4,BW.,Entertainment,5.17M,482.62K,https://www.noxinfluencer.com/youtube/channel/UCdpxBSzxXGz_J4K30YGvk_Q,2022-09-15T03:46:09+00Z,noxinfluencer
87,noxscore weekly,4,2045 TV,News & Politics,1.05M,109.69K,https://www.noxinfluencer.com/youtube/channel/UC_hsXl6yavGOzEphrBX01FQ,2022-09-15T03:46:09+00Z,noxinfluencer
88,noxscore weekly,4,SANTOON TV,Film & Animation,548K,82.64K,https://www.noxinfluencer.com/youtube/channel/UCZxodaZu876dShOF116aNUA,2022-09-15T03:46:09+00Z,noxinfluencer
89,noxscore weekly,4,Tina XL,People & Blogs,539K,307.66K,https://www.noxinfluencer.com/youtube/channel/UCVmPIcxioAtmJizHq403HNQ,2022-09-15T03:46:09+00Z,noxinfluencer
90,noxscore weekly,4,MIUUU,Gaming,411K,61.73K,https://www.noxinfluencer.com/youtube/channel/UCg2ljP_1HQ-FZxDHkVD9emQ,2022-09-15T03:46:09+00Z,noxinfluencer
91,noxscore weekly,4,Reimein,Gaming,214K,196.92K,https://www.noxinfluencer.com/youtube/channel/UCQ_hvbHoNjSDqTShSK8-RZg,2022-09-15T03:46:09+00Z,noxinfluencer
92,noxscore weekly,4,KrizzGuy 2.0,Entertainment,194K,98.2K,https://www.noxinfluencer.com/youtube/channel/UCJRHhKsHW-e55uJFLklmqfQ,2022-09-15T03:46:09+00Z,noxinfluencer
93,noxscore weekly,4,Upin & Ipin,Entertainment,9.03M,589.31K,https://www.noxinfluencer.com/youtube/channel/UChzn43FSMt_2TR97COECjRw,2022-09-15T03:46:09+00Z,noxinfluencer
94,noxscore weekly,4,Willie Salim,People & Blogs,6.03M,4.64M,https://www.noxinfluencer.com/youtube/channel/UCPCaXSwaos-QI03iZtx8I6g,2022-09-15T03:46:09+00Z,noxinfluencer
95,noxscore weekly,4,Fiki Naki,Entertainment,5.9M,2.15M,https://www.noxinfluencer.com/youtube/channel/UCL3jS4gOZ-wJA7oeV8c7low,2022-09-15T03:46:09+00Z,noxinfluencer
96,noxscore weekly,4,Alviand Miracle,Entertainment,2.15M,268.3K,https://www.noxinfluencer.com/youtube/channel/UC_PRK4CQf4tbWF0liVncUuQ,2022-09-15T03:46:09+00Z,noxinfluencer
97,noxscore weekly,4,The tira,Entertainment,1.24M,4.49M,https://www.noxinfluencer.com/youtube/channel/UCCy2xE0E7D1QN3sp89JL7qA,2022-09-15T03:46:09+00Z,noxinfluencer
98,noxscore weekly,4,IsaYang 123,People & Blogs,888K,446.34K,https://www.noxinfluencer.com/youtube/channel/UCs0dcYGiQcgED2oi_t4jkDw,2022-09-15T03:46:09+00Z,noxinfluencer
99,noxscore weekly,4,Troom Troom SELECT Indonesia,Howto & Style,736K,22.58K,https://www.noxinfluencer.com/youtube/channel/UCiqEYIuLvXorbMvHHQui4Mg,2022-09-15T03:46:09+00Z,noxinfluencer
100,noxscore weekly,4,Yudha Pangestu,Entertainment,602K,92.25K,https://www.noxinfluencer.com/youtube/channel/UCEaThhFUstqPAfMG-9C5TtA,2022-09-15T03:46:09+00Z,noxinfluencer
1,growth weekly,1,Rizalmaihndra,People & Blogs,68.2K,497.07K,https://www.noxinfluencer.com/youtube/channel/UCO87c90DZllM_mAjrb5irpg,2022-09-15T03:46:10+00Z,noxinfluencer
2,growth weekly,0,StayRey Channel,Entertainment,34.8K,7.89K,https://www.noxinfluencer.com/youtube/channel/UCnN7RfYiWbI8_V5txTnU-SA,2022-09-15T03:46:10+00Z,noxinfluencer
3,growth weekly,0,MUSICOLABORASI,People & Blogs,149K,693.11K,https://www.noxinfluencer.com/youtube/channel/UCbyozA1cA49jPuyGgW_hUXQ,2022-09-15T03:46:10+00Z,noxinfluencer
4,growth weekly,0,Zamrud Gustina,Entertainment,37.7K,23.88K,https://www.noxinfluencer.com/youtube/channel/UCU9rE25MlXIUDjHqVvV2G4A,2022-09-15T03:46:10+00Z,noxinfluencer
5,growth weekly,1,Rukun Indonesia,People & Blogs,26.4K,13.61K,https://www.noxinfluencer.com/youtube/channel/UCDOtaLj7pDnXqYddUc-s88w,2022-09-15T03:46:10+00Z,noxinfluencer
6,growth weekly,0,Ulasan.,People & Blogs,24.3K,41.96K,https://www.noxinfluencer.com/youtube/channel/UCUStec7LAlwxQt03Ts8MeJA,2022-09-15T03:46:10+00Z,noxinfluencer
7,growth weekly,0,adigimin7,Howto & Style,39.8K,260.04K,https://www.noxinfluencer.com/youtube/channel/UCfOAdM5o9buYru993x2bxIw,2022-09-15T03:46:10+00Z,noxinfluencer
8,growth weekly,2,MOD MENU hiburan jowo,Gaming,20K,38.23K,https://www.noxinfluencer.com/youtube/channel/UCCOA4G4v7Dses5WuOxuajow,2022-09-15T03:46:10+00Z,noxinfluencer
9,growth weekly,2.5,Malius World,Gaming,64.3K,16.11K,https://www.noxinfluencer.com/youtube/channel/UCR91_aERM9N1ZAkd6xg-xlA,2022-09-15T03:46:10+00Z,noxinfluencer
10,growth weekly,1.5,Go Go Jess,Comedy,18.7K,246.79K,https://www.noxinfluencer.com/youtube/channel/UC-Khb2FayV_z3OSADQjKuXQ,2022-09-15T03:46:10+00Z,noxinfluencer
11,growth weekly,0.5,Dims Zi,Music,77.7K,16.31K,https://www.noxinfluencer.com/youtube/channel/UCN_5QIuRnAINlH5fTRjPt1Q,2022-09-15T03:46:10+00Z,noxinfluencer
12,growth weekly,0,Milo Kucing,Gaming,38.6K,114.14K,https://www.noxinfluencer.com/youtube/channel/UCE8MbZs5opHnAlD6BJvr7VA,2022-09-15T03:46:10+00Z,noxinfluencer
13,growth weekly,0,Cari Jajan,People & Blogs,42.7K,120.35K,https://www.noxinfluencer.com/youtube/channel/UCs1js4eVhiU8RED4m0eJKrg,2022-09-15T03:46:10+00Z,noxinfluencer
14,growth weekly,0,OFFICIAL TOYS,People & Blogs,75.3K,158.41K,https://www.noxinfluencer.com/youtube/channel/UCLnJVGk9UCcCDBtc530cRzg,2022-09-15T03:46:10+00Z,noxinfluencer
15,growth weekly,2,denichannel,People & Blogs,16.7K,23.46K,https://www.noxinfluencer.com/youtube/channel/UCKJRSJ7v3P9nOydMRBNHYIw,2022-09-15T03:46:10+00Z,noxinfluencer
16,growth weekly,0,BPSDM JATIM TV,Education,14.4K,1.89K,https://www.noxinfluencer.com/youtube/channel/UCS9pHfAZEeelx1tYtDh_ZAg,2022-09-15T03:46:10+00Z,noxinfluencer
17,growth weekly,0,IG: Gelia Linda,People & Blogs,145K,960.73K,https://www.noxinfluencer.com/youtube/channel/UCHQDNczwDg5nBEbS2XRxblQ,2022-09-15T03:46:10+00Z,noxinfluencer
18,growth weekly,0,MILENIAL SPIRIT,Sports,40.9K,59.51K,https://www.noxinfluencer.com/youtube/channel/UCuJCu4ftloW-L8b7cUleIuA,2022-09-15T03:46:10+00Z,noxinfluencer
19,growth weekly,0,BENGEEK TV,Entertainment,59.7K,359.22K,https://www.noxinfluencer.com/youtube/channel/UCnJpuUSVz0vNtK6pNumjFQg,2022-09-15T03:46:10+00Z,noxinfluencer
20,growth weekly,0.5,Adi ID,Gaming,21.1K,10.89K,https://www.noxinfluencer.com/youtube/channel/UCb94WRau8cKXjaxXNyodf7g,2022-09-15T03:46:10+00Z,noxinfluencer
21,growth weekly,0,Vina kios online,People & Blogs,20.1K,43.24K,https://www.noxinfluencer.com/youtube/channel/UC5wPO8yXB86rEXp2XhXFHwQ,2022-09-15T03:46:10+00Z,noxinfluencer
22,growth weekly,0,Napri Boy,Gaming,33.2K,157.85K,https://www.noxinfluencer.com/youtube/channel/UCW6mFApCX7KOGkwMYUSfs9w,2022-09-15T03:46:10+00Z,noxinfluencer
23,growth weekly,0,Mata Dzikir,People & Blogs,21.4K,3.77K,https://www.noxinfluencer.com/youtube/channel/UC_7LEXplmMCIeqeozhimOEQ,2022-09-15T03:46:10+00Z,noxinfluencer
24,growth weekly,0,Alsa Muz XD,Entertainment,40.2K,106.47K,https://www.noxinfluencer.com/youtube/channel/UC-K4bLks0p8z9ElWGaLlFZQ,2022-09-15T03:46:10+00Z,noxinfluencer
25,growth weekly,2,David2001,Gaming,26.4K,7.24K,https://www.noxinfluencer.com/youtube/channel/UCZzUn2HkoIckyeJjEJuRa6A,2022-09-15T03:46:10+00Z,noxinfluencer
26,growth weekly,0.5,BULE KW,Entertainment,213K,755.14K,https://www.noxinfluencer.com/youtube/channel/UCAHGUJwmT1joL752RzZ1dNA,2022-09-15T03:46:10+00Z,noxinfluencer
27,growth weekly,0,MASKAS,Music,25.6K,37.94K,https://www.noxinfluencer.com/youtube/channel/UC0M-5Vou97-HjNROxVl1sVQ,2022-09-15T03:46:10+00Z,noxinfluencer
28,growth weekly,0,Vania Nazafarin,People & Blogs,18.2K,171.35K,https://www.noxinfluencer.com/youtube/channel/UCy_EJrR9zfo5W7A2e5qa1eA,2022-09-15T03:46:10+00Z,noxinfluencer
29,growth weekly,2.5,CEGIK,Gaming,65.4K,14.31K,https://www.noxinfluencer.com/youtube/channel/UCMG0Nhk069putVJzv-FiqTw,2022-09-15T03:46:10+00Z,noxinfluencer
30,growth weekly,0.5,Ilham Suganda,Gaming,27.4K,1.24K,https://www.noxinfluencer.com/youtube/channel/UCdcQpmsa_g5kVuJuk7QmgZA,2022-09-15T03:46:10+00Z,noxinfluencer
31,growth weekly,0,Ununk Aurel Heriyadi,People & Blogs,198K,145.39K,https://www.noxinfluencer.com/youtube/channel/UCu9mIU_JVW99jokbfpFb0eg,2022-09-15T03:46:10+00Z,noxinfluencer
32,growth weekly,0.5,Ether Plays,Gaming,33.5K,5.9K,https://www.noxinfluencer.com/youtube/channel/UCjCxBqQsYtM0nQajhV8-KPQ,2022-09-15T03:46:10+00Z,noxinfluencer
33,growth weekly,1,Aryo Wiratmoyo,Entertainment,15.6K,359,https://www.noxinfluencer.com/youtube/channel/UCoU8-rEzHq7kHY0bP35eHSQ,2022-09-15T03:46:10+00Z,noxinfluencer
34,growth weekly,0,Acik Magetan,People & Blogs,24.6K,22.58K,https://www.noxinfluencer.com/youtube/channel/UCDlE-IX6VTh9psOP-WHSkrA,2022-09-15T03:46:10+00Z,noxinfluencer
35,growth weekly,0,Malino Bola,Sports,13.5K,51.95K,https://www.noxinfluencer.com/youtube/channel/UCtPE5HhRZdL3pXlobVuAhyA,2022-09-15T03:46:10+00Z,noxinfluencer
36,growth weekly,1,Ridho Tioba,Pets & Animals,24K,98.63K,https://www.noxinfluencer.com/youtube/channel/UCcgTF10mBEZHk7dINrKd5qw,2022-09-15T03:46:10+00Z,noxinfluencer
37,growth weekly,0.5,Hits Songs,Music,55.1K,64.18K,https://www.noxinfluencer.com/youtube/channel/UCRM-F0to52y5IFvgiS9_BGQ,2022-09-15T03:46:10+00Z,noxinfluencer
38,growth weekly,1.5,MBAH GAMING,Gaming,161K,42.78K,https://www.noxinfluencer.com/youtube/channel/UCi-fNR35Z6yg_E3kbz8XNzA,2022-09-15T03:46:10+00Z,noxinfluencer
39,growth weekly,0,Tiktube Indonesia,People & Blogs,45.6K,155.35K,https://www.noxinfluencer.com/youtube/channel/UCBbCwuIq7X4RmqdJTEn73pg,2022-09-15T03:46:10+00Z,noxinfluencer
40,growth weekly,0,Chlowie the squad,People & Blogs,104K,341.33K,https://www.noxinfluencer.com/youtube/channel/UCUW0R8boKkDJVQIoYnhlFFA,2022-09-15T03:46:10+00Z,noxinfluencer
41,growth weekly,0,Tiktokyahud,People & Blogs,63K,49.81K,https://www.noxinfluencer.com/youtube/channel/UCkaV16D6HeP41iCwLbtMmVQ,2022-09-15T03:46:10+00Z,noxinfluencer
42,growth weekly,0,AmiPlayzD,Entertainment,204K,15.08K,https://www.noxinfluencer.com/youtube/channel/UC4LuqS3wZV-th2v1Jrqdhug,2022-09-15T03:46:10+00Z,noxinfluencer
43,growth weekly,0.5,CuddleMe Indonesia,Education,15.1K,23.03K,https://www.noxinfluencer.com/youtube/channel/UCjLUwh1syuXJYWjEKC0kbpQ,2022-09-15T03:46:10+00Z,noxinfluencer
44,growth weekly,0,Milsim Family,Gaming,13.2K,11.7K,https://www.noxinfluencer.com/youtube/channel/UCbdS1R72usdZNundTL2fE2g,2022-09-15T03:46:10+00Z,noxinfluencer
45,growth weekly,0,Lapor Pak Shorts,Comedy,179K,1.63M,https://www.noxinfluencer.com/youtube/channel/UCL6SfuBeMfyZKN8oy5B_wmg,2022-09-15T03:46:10+00Z,noxinfluencer
46,growth weekly,0.5,Nisa ul,Entertainment,94.4K,876,https://www.noxinfluencer.com/youtube/channel/UCiZsXlsienuBznCau9c5UVQ,2022-09-15T03:46:10+00Z,noxinfluencer
47,growth weekly,0,Langgeng Jaya Official,People & Blogs,14.5K,10.66K,https://www.noxinfluencer.com/youtube/channel/UC7IxiSS8eDxZlbwqttVv2ng,2022-09-15T03:46:10+00Z,noxinfluencer
48,growth weekly,1,MAHRAKIDA,Entertainment,94.4K,88.98K,https://www.noxinfluencer.com/youtube/channel/UCs1XyER8dP8Ard3dDuXfNPg,2022-09-15T03:46:10+00Z,noxinfluencer
49,growth weekly,1,Vian & Vany,Entertainment,28.5K,28.25K,https://www.noxinfluencer.com/youtube/channel/UCqbQhEijJHE-TGOSmLjK7tg,2022-09-15T03:46:10+00Z,noxinfluencer
50,growth weekly,0,Yoppitanjuang,Music,58.5K,806.17K,https://www.noxinfluencer.com/youtube/channel/UC2t6yDofe4Wj9GoGfl3TboQ,2022-09-15T03:46:10+00Z,noxinfluencer
51,growth weekly,0,Heyrul Umam,Entertainment,43.5K,10.17K,https://www.noxinfluencer.com/youtube/channel/UCJfqAi10uSU2REUMy9fbwKA,2022-09-15T03:46:10+00Z,noxinfluencer
52,growth weekly,2,FbN ff,Gaming,94.4K,94.74K,https://www.noxinfluencer.com/youtube/channel/UCWJQR1Xm5i93sDfDAysQ-gQ,2022-09-15T03:46:10+00Z,noxinfluencer
53,growth weekly,0,QuetGaming09,Gaming,12.7K,1.4K,https://www.noxinfluencer.com/youtube/channel/UCIUy3fCwm6iO3VP2GuyOXPw,2022-09-15T03:46:10+00Z,noxinfluencer
54,growth weekly,0,Sidaivan - Livestream,Gaming,52.3K,65.81K,https://www.noxinfluencer.com/youtube/channel/UCSWFXV2iBjvYc9wMvf7z-JA,2022-09-15T03:46:10+00Z,noxinfluencer
55,growth weekly,0,MiLSiM UWC LRR,People & Blogs,17.9K,78.81K,https://www.noxinfluencer.com/youtube/channel/UC45oNsWdh0HQ49PCmI62ToA,2022-09-15T03:46:10+00Z,noxinfluencer
56,growth weekly,0,Ramsy Sangkalibu Remix,Music,13.6K,36.57K,https://www.noxinfluencer.com/youtube/channel/UCIcwc-TOLFJRzuqMOMUtgOA,2022-09-15T03:46:10+00Z,noxinfluencer
57,growth weekly,0,Jualan baju online,People & Blogs,16.4K,39.57K,https://www.noxinfluencer.com/youtube/channel/UCgzwLb5cGHnEGRdvo_c_-Kw,2022-09-15T03:46:10+00Z,noxinfluencer
58,growth weekly,0,milsim LRR,Gaming,15.4K,4.34K,https://www.noxinfluencer.com/youtube/channel/UCcoEb0PIo3pTS_JmN4rntSw,2022-09-15T03:46:10+00Z,noxinfluencer
59,growth weekly,0,Lagu Rohani,Music,37.7K,10.83K,https://www.noxinfluencer.com/youtube/channel/UC0HWqPmPYGtJZ1k7z475iWg,2022-09-15T03:46:10+00Z,noxinfluencer
60,growth weekly,0,MJ kelana,People & Blogs,15.1K,108.86K,https://www.noxinfluencer.com/youtube/channel/UCp0REVHedAK4mOR8Z7cJFXA,2022-09-15T03:46:10+00Z,noxinfluencer
61,growth weekly,0,AR Gaming,Entertainment,13.3K,203.87K,https://www.noxinfluencer.com/youtube/channel/UCid60OqSq1FTndmUVJXWWeQ,2022-09-15T03:46:10+00Z,noxinfluencer
62,growth weekly,0.5,sugesti sukses 13,News & Politics,34.6K,119.73K,https://www.noxinfluencer.com/youtube/channel/UCkHD3fN4ue-6TGsZUcs6dCQ,2022-09-15T03:46:10+00Z,noxinfluencer
63,growth weekly,2,FK Communication,News & Politics,53.3K,615,https://www.noxinfluencer.com/youtube/channel/UC80mzf_mrz7-dcSK7rLbzQQ,2022-09-15T03:46:10+00Z,noxinfluencer
64,growth weekly,0,heiumm,People & Blogs,13K,40.48K,https://www.noxinfluencer.com/youtube/channel/UCGcUKGpJwGAKbR0ZLeQB9Ig,2022-09-15T03:46:10+00Z,noxinfluencer
65,growth weekly,2,Aiyeen FF,Gaming,25.5K,2.14K,https://www.noxinfluencer.com/youtube/channel/UCotzNnW3ykP55xiOdOe2SRw,2022-09-15T03:46:10+00Z,noxinfluencer
66,growth weekly,1.5,Thamy AmoOt,Howto & Style,33.1K,105.82K,https://www.noxinfluencer.com/youtube/channel/UCftt-UqTQpyrGObx0727NiA,2022-09-15T03:46:10+00Z,noxinfluencer
67,growth weekly,0,Bolata Tv,Entertainment,26.6K,200.18K,https://www.noxinfluencer.com/youtube/channel/UCQ6-YgrxjDaVkxp64wsh8HQ,2022-09-15T03:46:10+00Z,noxinfluencer
68,growth weekly,0,Luckyto Yaman Channel,People & Blogs,12.2K,14.46K,https://www.noxinfluencer.com/youtube/channel/UC6iZudpDgvTAIdiLpxNOgYA,2022-09-15T03:46:10+00Z,noxinfluencer
69,growth weekly,2.5,TMG Riz,Entertainment,852K,2.35M,https://www.noxinfluencer.com/youtube/channel/UCRsN-4Nsdr9I26ZDbrFsIsg,2022-09-15T03:46:10+00Z,noxinfluencer
70,growth weekly,1.5,Kucing Malas Family,Pets & Animals,55.3K,127.48K,https://www.noxinfluencer.com/youtube/channel/UCQPguSWM3amu4TeGS1K2UwA,2022-09-15T03:46:10+00Z,noxinfluencer
71,growth weekly,0,Denish yulio channel,Gaming,23.5K,27.84K,https://www.noxinfluencer.com/youtube/channel/UCC-QyWiqYKKVx9E-GIkMYcg,2022-09-15T03:46:10+00Z,noxinfluencer
72,growth weekly,1.5,Eryo Indo,Gaming,190K,71.35K,https://www.noxinfluencer.com/youtube/channel/UCWF7Fed6WSMJvzYXtOqoo6A,2022-09-15T03:46:10+00Z,noxinfluencer
73,growth weekly,1,Robi ansyah,Gaming,40K,21.47K,https://www.noxinfluencer.com/youtube/channel/UCfnastbX02UQiM3sFuKU4RA,2022-09-15T03:46:10+00Z,noxinfluencer
74,growth weekly,0,MVP Project,Music,11.9K,50.51K,https://www.noxinfluencer.com/youtube/channel/UCtu8pR8WQgZMsr93WNam3NQ,2022-09-15T03:46:10+00Z,noxinfluencer
75,growth weekly,0,Benny Alfaris,People & Blogs,36.2K,269.94K,https://www.noxinfluencer.com/youtube/channel/UC81vkOUQ5BoMmSC4lFzGB7g,2022-09-15T03:46:10+00Z,noxinfluencer
76,growth weekly,1,Clementdav,Gaming,1.28M,1.05M,https://www.noxinfluencer.com/youtube/channel/UCHugk6U_Ty9nOx2DjD_P3WQ,2022-09-15T03:46:10+00Z,noxinfluencer
77,growth weekly,0.5,Rihan Valuzi,People & Blogs,70.5K,80.57K,https://www.noxinfluencer.com/youtube/channel/UCRuEdVKOfsgqXniJgYPeuCQ,2022-09-15T03:46:10+00Z,noxinfluencer
78,growth weekly,1.5,diana_princess.of_wales,People & Blogs,364K,33.83K,https://www.noxinfluencer.com/youtube/channel/UCJ9_q1mzXzR1DrmY0VjUuTg,2022-09-15T03:46:10+00Z,noxinfluencer
79,growth weekly,2,BaliAga,Gaming,16.5K,73.04K,https://www.noxinfluencer.com/youtube/channel/UC9i8hLou-gpNJcOeL6aflEg,2022-09-15T03:46:10+00Z,noxinfluencer
80,growth weekly,0,LAGU TERBAIK,Music,86.9K,108.7K,https://www.noxinfluencer.com/youtube/channel/UC_25A0DsoM0OiRBvxN6H0SQ,2022-09-15T03:46:10+00Z,noxinfluencer
81,growth weekly,0,YIT_CHANEL,People & Blogs,13.8K,9.33K,https://www.noxinfluencer.com/youtube/channel/UCvZvmkWKA332Lvz7lTSw1jQ,2022-09-15T03:46:10+00Z,noxinfluencer
82,growth weekly,1,Misty Cloud,Gaming,27.1K,773,https://www.noxinfluencer.com/youtube/channel/UC5fDTY1t9YnPu2vo90qTPzw,2022-09-15T03:46:10+00Z,noxinfluencer
83,growth weekly,0,SPORT SPACE,Sports,13.3K,34.93K,https://www.noxinfluencer.com/youtube/channel/UCMZ5NtVKLkCOdGhdOOQi9aA,2022-09-15T03:46:10+00Z,noxinfluencer
84,growth weekly,0,Nyssa Wedding & Decoration,People & Blogs,65.3K,120.73K,https://www.noxinfluencer.com/youtube/channel/UC_NCKn0-9bSiWa9VLX6zsDQ,2022-09-15T03:46:10+00Z,noxinfluencer
85,growth weekly,1.5,YT. ARSITA,Gaming,15.5K,3.79K,https://www.noxinfluencer.com/youtube/channel/UCyKYWa3lvaUuTqp_BmuoBHQ,2022-09-15T03:46:10+00Z,noxinfluencer
86,growth weekly,0,Tribun Flores,Sports,12.7K,1.17K,https://www.noxinfluencer.com/youtube/channel/UCVlBbKdVLBo77VEfNHlOcOA,2022-09-15T03:46:10+00Z,noxinfluencer
87,growth weekly,0,Raja Kelomang,Entertainment,89.3K,57.99K,https://www.noxinfluencer.com/youtube/channel/UCFg4KEzSiG7EyDnKnxI22bw,2022-09-15T03:46:10+00Z,noxinfluencer
88,growth weekly,1.5,KompasTV Pontianak,News & Politics,137K,3.39K,https://www.noxinfluencer.com/youtube/channel/UCVjMTVNEv9GxE4PHxRyqJww,2022-09-15T03:46:10+00Z,noxinfluencer
89,growth weekly,0.5,BANG DON GRATISAN,Howto & Style,19.6K,4.44K,https://www.noxinfluencer.com/youtube/channel/UCpxTRyVK6kGCwGRBvhvVN-g,2022-09-15T03:46:10+00Z,noxinfluencer
90,growth weekly,2,KAISAR FILM,News & Politics,24.7K,111.11K,https://www.noxinfluencer.com/youtube/channel/UCoJW9yRVG0aSXxMYNubkf2Q,2022-09-15T03:46:10+00Z,noxinfluencer
91,growth weekly,0,MISTER IKAL,People & Blogs,32.7K,39.22K,https://www.noxinfluencer.com/youtube/channel/UCwEUrQCK--whOUOcKi-XKyQ,2022-09-15T03:46:10+00Z,noxinfluencer
92,growth weekly,0,Alvian Setiawan,People & Blogs,50.5K,137.17K,https://www.noxinfluencer.com/youtube/channel/UCaUS4tLlW5kwgjR8jYWLmOw,2022-09-15T03:46:10+00Z,noxinfluencer
93,growth weekly,0.5,iyagus ugy,People & Blogs,15.5K,52.07K,https://www.noxinfluencer.com/youtube/channel/UCYvNU0PpiE-XgjGLRMiwLtQ,2022-09-15T03:46:10+00Z,noxinfluencer
94,growth weekly,0.5,Pondok Vtuber Indonesia,People & Blogs,26.1K,43.32K,https://www.noxinfluencer.com/youtube/channel/UCZ_krROxJavpdGFy2NNRocA,2022-09-15T03:46:10+00Z,noxinfluencer
95,growth weekly,1,Cinta Maerina,Entertainment,65.7K,178.63K,https://www.noxinfluencer.com/youtube/channel/UCYXC4u4JHQyeaxJLW37N5nw,2022-09-15T03:46:10+00Z,noxinfluencer
96,growth weekly,0,Nuranawa,Music,22.6K,33.57K,https://www.noxinfluencer.com/youtube/channel/UCZA7pZZ9e8N1Vu1M7kQXGPA,2022-09-15T03:46:10+00Z,noxinfluencer
97,growth weekly,0,dinprasetyo,Film & Animation,137K,747.19K,https://www.noxinfluencer.com/youtube/channel/UCTR9ppEY-DPhNT3U0NC3F8A,2022-09-15T03:46:10+00Z,noxinfluencer
98,growth weekly,1.5,Amburadul Channel,People & Blogs,17.7K,147,https://www.noxinfluencer.com/youtube/channel/UCBCsXyUtVMwA2DdB-SnyyYA,2022-09-15T03:46:10+00Z,noxinfluencer
99,growth weekly,0,DTV Official,Entertainment,20.1K,3.17K,https://www.noxinfluencer.com/youtube/channel/UCoD8p6kWbgiwOgkO3B6JBkA,2022-09-15T03:46:10+00Z,noxinfluencer
100,growth weekly,0.5,Tim Drama,Comedy,1.02M,1.88M,https://www.noxinfluencer.com/youtube/channel/UCbfhn8W2hzsTZqOku1jK94Q,2022-09-15T03:46:10+00Z,noxinfluencer
1,views monthly,0.5,PRANK CHANNEL,Comedy,1.84M,530.9M,https://www.noxinfluencer.com/youtube/channel/UCNb45A5AIZQ_TgBzvURMmDg,2022-09-15T03:46:11+00Z,noxinfluencer
2,views monthly,2,KOMPASTV,News & Politics,13M,417.48M,https://www.noxinfluencer.com/youtube/channel/UC5BMIWZe9isJXLZZWPWvBlg,2022-09-15T03:46:11+00Z,noxinfluencer
3,views monthly,2,tvOneNews,News & Politics,9.42M,390.86M,https://www.noxinfluencer.com/youtube/channel/UCER4rvDnRBPr_ncYW4UCZjg,2022-09-15T03:46:11+00Z,noxinfluencer
4,views monthly,3,SHOPEE Indonesia,Entertainment,2.51M,383.45M,https://www.noxinfluencer.com/youtube/channel/UCwljrkoI5jsfvAKgW3zNC7Q,2022-09-15T03:46:11+00Z,noxinfluencer
5,views monthly,2,Indosiar,Entertainment,21.4M,306.99M,https://www.noxinfluencer.com/youtube/channel/UCYqOeAXJm8yV9sJ8Ud3cR7A,2022-09-15T03:46:11+00Z,noxinfluencer
6,views monthly,4,Willie Salim,People & Blogs,6.03M,304.83M,https://www.noxinfluencer.com/youtube/channel/UCPCaXSwaos-QI03iZtx8I6g,2022-09-15T03:46:11+00Z,noxinfluencer
7,views monthly,4.5,Ale Khin,Film & Animation,3.39M,298.27M,https://www.noxinfluencer.com/youtube/channel/UCDiKM_-ueawxR2gQsCl8Biw,2022-09-15T03:46:11+00Z,noxinfluencer
8,views monthly,1.5,Trysatyacarlitoss,People & Blogs,1.38M,289.69M,https://www.noxinfluencer.com/youtube/channel/UCKcP5H1-QPFqg0bAd0EwRtQ,2022-09-15T03:46:11+00Z,noxinfluencer
9,views monthly,4.5,Jeevan Akawa,Comedy,8.08M,262.11M,https://www.noxinfluencer.com/youtube/channel/UC4Z9EjODYWG91KEk-Q8DWPw,2022-09-15T03:46:11+00Z,noxinfluencer
10,views monthly,2,Tribun MedanTV,News & Politics,2.74M,254.85M,https://www.noxinfluencer.com/youtube/channel/UCwFc1bMj5KFxX8BJ1wBRuzw,2022-09-15T03:46:11+00Z,noxinfluencer
11,views monthly,4.5,Klara Tania,Film & Animation,4.95M,251.09M,https://www.noxinfluencer.com/youtube/channel/UC4rHBMP2rGPuFk9F-JlGzbQ,2022-09-15T03:46:11+00Z,noxinfluencer
12,views monthly,4,Vilmei,Entertainment,4.32M,223.82M,https://www.noxinfluencer.com/youtube/channel/UC90xz-i20jmoZhI8RMLzzjA,2022-09-15T03:46:11+00Z,noxinfluencer
13,views monthly,0.5,ALDIS Putra,Film & Animation,3.09M,216.1M,https://www.noxinfluencer.com/youtube/channel/UCHVyQUoeeQCXv5TNw5fFBVg,2022-09-15T03:46:11+00Z,noxinfluencer
14,views monthly,4.5,Mikael TubeHD,People & Blogs,9.09M,213.47M,https://www.noxinfluencer.com/youtube/channel/UCFSqAZl3AxxMyaHouB2GKSg,2022-09-15T03:46:11+00Z,noxinfluencer
15,views monthly,4.5,Billy karavdic,Comedy,2.44M,212.9M,https://www.noxinfluencer.com/youtube/channel/UC_LriaoeJN1Ea1Wts11P5uw,2022-09-15T03:46:11+00Z,noxinfluencer
16,views monthly,4.5,Mikael Family,People & Blogs,5.54M,212.6M,https://www.noxinfluencer.com/youtube/channel/UC6SnUbITMvm6nfC7G1PPtUA,2022-09-15T03:46:11+00Z,noxinfluencer
17,views monthly,0.5,Tim Drama,Comedy,1.02M,210.98M,https://www.noxinfluencer.com/youtube/channel/UCbfhn8W2hzsTZqOku1jK94Q,2022-09-15T03:46:11+00Z,noxinfluencer
18,views monthly,2,Lucu Lucu Video,Entertainment,3.36M,209.74M,https://www.noxinfluencer.com/youtube/channel/UCMP34qPqCuw2pZAcqym9csw,2022-09-15T03:46:11+00Z,noxinfluencer
19,views monthly,2,Tribun Timur,News & Politics,6.27M,206.52M,https://www.noxinfluencer.com/youtube/channel/UCK6c4qk3hRaa6fMIEZrhiXQ,2022-09-15T03:46:11+00Z,noxinfluencer
20,views monthly,3,Itakimo Bali,Comedy,1.2M,205.75M,https://www.noxinfluencer.com/youtube/channel/UCMwoWc6kXCqdOq6qLlH59Lw,2022-09-15T03:46:11+00Z,noxinfluencer
21,views monthly,3.5,Lhian Bara,Film & Animation,852K,202.81M,https://www.noxinfluencer.com/youtube/channel/UC5seki14XyjGDr6kQ_K96EQ,2022-09-15T03:46:11+00Z,noxinfluencer
22,views monthly,2,Wisnu Trijaya,People & Blogs,2.29M,199.77M,https://www.noxinfluencer.com/youtube/channel/UC7dridTamgKER_FafsKx9lw,2022-09-15T03:46:11+00Z,noxinfluencer
23,views monthly,2,Tribunnews,News & Politics,7.96M,199.63M,https://www.noxinfluencer.com/youtube/channel/UCmxAIW7RDDC88EPk4ry16Kg,2022-09-15T03:46:11+00Z,noxinfluencer
24,views monthly,3,BabyBus - Cerita & Lagu Anak-anak,Education,18.5M,197.07M,https://www.noxinfluencer.com/youtube/channel/UC5v3gjCQLFeg8eBXO7ShdpQ,2022-09-15T03:46:11+00Z,noxinfluencer
25,views monthly,3,Arinaga Family,Music,2.41M,193.6M,https://www.noxinfluencer.com/youtube/channel/UCPf3hAGEPILvDnILzBTHpZA,2022-09-15T03:46:11+00Z,noxinfluencer
26,views monthly,2.5,M2-UTARA CHANNEL,People & Blogs,1.2M,192.11M,https://www.noxinfluencer.com/youtube/channel/UCIc0ONX-j0SW4C0N5JW8Gyg,2022-09-15T03:46:11+00Z,noxinfluencer
27,views monthly,0.5,The Hero Wars Ads Collector,Gaming,525K,190.93M,https://www.noxinfluencer.com/youtube/channel/UCDtdaNo9ZAE8shXf2D8j3hA,2022-09-15T03:46:11+00Z,noxinfluencer
28,views monthly,4.5,Abil Fatan Key,Entertainment,2.61M,190.07M,https://www.noxinfluencer.com/youtube/channel/UC_ZOTUKElo6eYCGKFYZKvmA,2022-09-15T03:46:11+00Z,noxinfluencer
29,views monthly,4,WILSON SINAI,Comedy,1.26M,187.71M,https://www.noxinfluencer.com/youtube/channel/UC7NjHQFW-iD0nZy2javtbsA,2022-09-15T03:46:11+00Z,noxinfluencer
30,views monthly,4.5,Diego Takupaz,Entertainment,1.13M,168.08M,https://www.noxinfluencer.com/youtube/channel/UCxdLgSVC41Ph6xES3q-MQrQ,2022-09-15T03:46:11+00Z,noxinfluencer
31,views monthly,4,KADAS OFFICIAL,Comedy,920K,155.81M,https://www.noxinfluencer.com/youtube/channel/UC7ZlowDcYJm2A3GFgILmdqw,2022-09-15T03:46:11+00Z,noxinfluencer
32,views monthly,4.5,CnX Adventurers,Entertainment,6.1M,155.11M,https://www.noxinfluencer.com/youtube/channel/UCrjWoQ3vlzLrKweYk5jAl1w,2022-09-15T03:46:11+00Z,noxinfluencer
33,views monthly,0.5,Seginim Tani,People & Blogs,241K,154.33M,https://www.noxinfluencer.com/youtube/channel/UCbR4yje1tT185XOFyLDT3Rg,2022-09-15T03:46:11+00Z,noxinfluencer
34,views monthly,2,RCTI - LAYAR DRAMA INDONESIA,Entertainment,15.4M,152.33M,https://www.noxinfluencer.com/youtube/channel/UCzTsWuCdVP_vehWyGwPcS3Q,2022-09-15T03:46:11+00Z,noxinfluencer
35,views monthly,4.5,Irfan Ghafur,Comedy,1.49M,151M,https://www.noxinfluencer.com/youtube/channel/UCLozEncn6EDu_M2e-I3ZABg,2022-09-15T03:46:11+00Z,noxinfluencer
36,views monthly,3.5,Heidi dan Zidane,People & Blogs,6.82M,150.55M,https://www.noxinfluencer.com/youtube/channel/UCcp_vTc53n_HfHRShAAEyCw,2022-09-15T03:46:11+00Z,noxinfluencer
37,views monthly,1.5,Suaradotcom,News & Politics,653K,149.89M,https://www.noxinfluencer.com/youtube/channel/UCeq1WeHIbMyeKp_sUNolgzA,2022-09-15T03:46:11+00Z,noxinfluencer
38,views monthly,3.5,Aneka Safari Records,Music,5.32M,148.79M,https://www.noxinfluencer.com/youtube/channel/UCmB1_agPlXbbwTCPKEuwEKA,2022-09-15T03:46:11+00Z,noxinfluencer
39,views monthly,2,TRANS7 OFFICIAL,Entertainment,23.5M,148.65M,https://www.noxinfluencer.com/youtube/channel/UC24_Z2L-8Ki183AI9zJJzNQ,2022-09-15T03:46:11+00Z,noxinfluencer
40,views monthly,4.5,leika garudita,People & Blogs,2.79M,141.72M,https://www.noxinfluencer.com/youtube/channel/UC319beYXwD_d1vVWbzpepmA,2022-09-15T03:46:11+00Z,noxinfluencer
41,views monthly,2,GooBlack H,Gaming,119K,137.73M,https://www.noxinfluencer.com/youtube/channel/UCB5NC_ooc6XqV3K5x945otQ,2022-09-15T03:46:11+00Z,noxinfluencer
42,views monthly,4,BAGAS CRAFT,Film & Animation,3.21M,137.46M,https://www.noxinfluencer.com/youtube/channel/UCsO46TcN-gMwcFo3VbPav-g,2022-09-15T03:46:11+00Z,noxinfluencer
43,views monthly,0.5,Uncu fadillah,People & Blogs,1.54M,137.19M,https://www.noxinfluencer.com/youtube/channel/UClAcgQngBDvG9lhajkD0Rbg,2022-09-15T03:46:11+00Z,noxinfluencer
44,views monthly,0.5,ALWIN TMR,People & Blogs,361K,136.35M,https://www.noxinfluencer.com/youtube/channel/UCBPzNe6upxUgXWAEuVv2Tdw,2022-09-15T03:46:11+00Z,noxinfluencer
45,views monthly,0.5,Fantasi Channel,People & Blogs,283K,135.79M,https://www.noxinfluencer.com/youtube/channel/UCQZ0YJ7SRLUhgyoyF6yF9CA,2022-09-15T03:46:11+00Z,noxinfluencer
46,views monthly,3.5,Awvexel,Gaming,736K,130.51M,https://www.noxinfluencer.com/youtube/channel/UCmWNroH-9w1zif37r1McI_w,2022-09-15T03:46:11+00Z,noxinfluencer
47,views monthly,0.5,Raja Lele,People & Blogs,356K,127.88M,https://www.noxinfluencer.com/youtube/channel/UC03SHd4A56MkhFmP4S8NDMw,2022-09-15T03:46:11+00Z,noxinfluencer
48,views monthly,4,Kevin Kaez,Film & Animation,2.16M,127.54M,https://www.noxinfluencer.com/youtube/channel/UCHREPLGjsPw9dHstKOEkUkQ,2022-09-15T03:46:11+00Z,noxinfluencer
49,views monthly,0,direy dealova,Howto & Style,924K,125.48M,https://www.noxinfluencer.com/youtube/channel/UCp7KF0VPKGc_TA8sSo9vU8w,2022-09-15T03:46:11+00Z,noxinfluencer
50,views monthly,0.5,Si Bocil - Bocah Cilik,People & Blogs,1.06M,125.13M,https://www.noxinfluencer.com/youtube/channel/UCVGju_erplX2cZtit6RjmNA,2022-09-15T03:46:11+00Z,noxinfluencer
51,views monthly,1.5,Zuni and Family,People & Blogs,16.4M,123.58M,https://www.noxinfluencer.com/youtube/channel/UCAelPgCHWYyEs8-TFuOVRtg,2022-09-15T03:46:11+00Z,noxinfluencer
52,views monthly,1.5,Yuni Ara,People & Blogs,1.6M,123.47M,https://www.noxinfluencer.com/youtube/channel/UC46mF9fCn0OLRX0-2_AEoKg,2022-09-15T03:46:11+00Z,noxinfluencer
53,views monthly,4,Helena Oryzani Official,People & Blogs,1.22M,123M,https://www.noxinfluencer.com/youtube/channel/UCM5IAL2Z-gu8jBtdoWiizNQ,2022-09-15T03:46:11+00Z,noxinfluencer
54,views monthly,0.5,hanafiahmhd,People & Blogs,1.56M,119.78M,https://www.noxinfluencer.com/youtube/channel/UCQUwXKUrE2cKfafxjy_aXxA,2022-09-15T03:46:11+00Z,noxinfluencer
55,views monthly,3,Hasib Azizi,People & Blogs,1.51M,119.32M,https://www.noxinfluencer.com/youtube/channel/UCgIC7x2bgi0ZIHraBGj2hpQ,2022-09-15T03:46:11+00Z,noxinfluencer
56,views monthly,0.5,Abil Family,People & Blogs,541K,119.14M,https://www.noxinfluencer.com/youtube/channel/UChHLyd5S8oQR9Va2hyB_0Dg,2022-09-15T03:46:11+00Z,noxinfluencer
57,views monthly,0,Gusmanade Official Team,Travel & Events,230K,119.07M,https://www.noxinfluencer.com/youtube/channel/UCdnvkzTlNURQRD0Ly7e6pvw,2022-09-15T03:46:11+00Z,noxinfluencer
58,views monthly,2,SunnydahyeIn,People & Blogs,3.44M,117.63M,https://www.noxinfluencer.com/youtube/channel/UCO5p-c9u1-fi3E6EeRQKJig,2022-09-15T03:46:11+00Z,noxinfluencer
59,views monthly,4,Little Angel Bahasa Indonesia - Lagu Anak,Education,10M,116.78M,https://www.noxinfluencer.com/youtube/channel/UCdrHrQf0o0TO8YDntXJ4VIQ,2022-09-15T03:46:11+00Z,noxinfluencer
60,views monthly,3,Rere Channel,Entertainment,4.54M,116.67M,https://www.noxinfluencer.com/youtube/channel/UCPm6FxdTZdZcT8JsddjE7vA,2022-09-15T03:46:11+00Z,noxinfluencer
61,views monthly,3.5,itsmeissie,Comedy,1.8M,115.74M,https://www.noxinfluencer.com/youtube/channel/UCPOyt9Ii791y25bRdoCT8aQ,2022-09-15T03:46:11+00Z,noxinfluencer
62,views monthly,4.5,SebutSaja Dayat,Comedy,2.22M,115.06M,https://www.noxinfluencer.com/youtube/channel/UCAhd_ILXgiRtpZew12-VBJA,2022-09-15T03:46:11+00Z,noxinfluencer
63,views monthly,4,VitoSinagaPrank,Comedy,1.77M,114.22M,https://www.noxinfluencer.com/youtube/channel/UCCqPybNaOrUo-B5C2vCUQpA,2022-09-15T03:46:11+00Z,noxinfluencer
64,views monthly,0.5,123 GO! Shorts Indonesian,Entertainment,828K,112.74M,https://www.noxinfluencer.com/youtube/channel/UCiOFOndmJ_0a0Qh7XfMlnBQ,2022-09-15T03:46:11+00Z,noxinfluencer
65,views monthly,4,nyai kembang1,Comedy,2.32M,112.07M,https://www.noxinfluencer.com/youtube/channel/UCGxjURseFgeZ9LwPPpxW7PA,2022-09-15T03:46:11+00Z,noxinfluencer
66,views monthly,1,Udin Kalipang,People & Blogs,65.9K,111.84M,https://www.noxinfluencer.com/youtube/channel/UC6sLhCwdkvLAGBn10crxMXA,2022-09-15T03:46:11+00Z,noxinfluencer
67,views monthly,3,Yudist Ardhana,Entertainment,12M,111.84M,https://www.noxinfluencer.com/youtube/channel/UCvc00uetYIML9D-7BBrEXLA,2022-09-15T03:46:11+00Z,noxinfluencer
68,views monthly,2.5,Rafli Channel,Gaming,2.04M,111.71M,https://www.noxinfluencer.com/youtube/channel/UCKpC5RI9ez1Xfjw0GYyIQYw,2022-09-15T03:46:11+00Z,noxinfluencer
69,views monthly,3,PERSIB,Sports,1.59M,110.65M,https://www.noxinfluencer.com/youtube/channel/UCq9VjkTSRBvlyr0sSXwm8Kw,2022-09-15T03:46:11+00Z,noxinfluencer
70,views monthly,0.5,Marshall Kho,People & Blogs,376K,105.38M,https://www.noxinfluencer.com/youtube/channel/UC4tsZoLDKot50z_PbXE4hkA,2022-09-15T03:46:11+00Z,noxinfluencer
71,views monthly,2,Vaynard Gaming,Gaming,1.35M,105.37M,https://www.noxinfluencer.com/youtube/channel/UCN-aFQD7UZUryzJPdSzpZeg,2022-09-15T03:46:11+00Z,noxinfluencer
72,views monthly,3,Lagu Anak Indonesia Balita,Education,9.35M,104.25M,https://www.noxinfluencer.com/youtube/channel/UC5Tg_aUYKBtpnGipTVqDDuQ,2022-09-15T03:46:11+00Z,noxinfluencer
73,views monthly,1,Xi Chadel,Comedy,734K,103.89M,https://www.noxinfluencer.com/youtube/channel/UCspeP-JppDaCj6_2q2leVTA,2022-09-15T03:46:11+00Z,noxinfluencer
74,views monthly,4,Miwanda Tanz,Entertainment,1.77M,102.43M,https://www.noxinfluencer.com/youtube/channel/UC1QRerSO0fvcBVZcKyk1Jhg,2022-09-15T03:46:11+00Z,noxinfluencer
75,views monthly,1,RESEP INSPIRASI DEBM,People & Blogs,771K,102.41M,https://www.noxinfluencer.com/youtube/channel/UCKmO6hfmnaynfgrvddZCWsw,2022-09-15T03:46:11+00Z,noxinfluencer
76,views monthly,4.5,Deddy Corbuzier,Entertainment,19.4M,101.9M,https://www.noxinfluencer.com/youtube/channel/UCYk4LJI0Pr6RBDWowMm-KUw,2022-09-15T03:46:11+00Z,noxinfluencer
77,views monthly,0,Lapor Pak Shorts,Comedy,179K,101.64M,https://www.noxinfluencer.com/youtube/channel/UCL6SfuBeMfyZKN8oy5B_wmg,2022-09-15T03:46:11+00Z,noxinfluencer
78,views monthly,4.5,WARINTIL OFFICIAL,Comedy,8.14M,101.5M,https://www.noxinfluencer.com/youtube/channel/UCEHprhvK2xu0CYKcnbMshBw,2022-09-15T03:46:11+00Z,noxinfluencer
79,views monthly,2.5,Mohammad Amin Bangu,News & Politics,175K,100.56M,https://www.noxinfluencer.com/youtube/channel/UCenV8Hhh3j1kzynvrOIqCjw,2022-09-15T03:46:11+00Z,noxinfluencer
80,views monthly,3,Frost Diamond,Gaming,22.6M,99.86M,https://www.noxinfluencer.com/youtube/channel/UC4hGmH5sABOA70D4fGb8qNQ,2022-09-15T03:46:11+00Z,noxinfluencer
81,views monthly,4,Rendra Noviardi,Comedy,856K,99.31M,https://www.noxinfluencer.com/youtube/channel/UCLk3t8qkP1o9F_TINkcU39A,2022-09-15T03:46:11+00Z,noxinfluencer
82,views monthly,2,Official iNews,News & Politics,5.97M,98.5M,https://www.noxinfluencer.com/youtube/channel/UCoSkllfpgmFHtbVK835QaQg,2022-09-15T03:46:11+00Z,noxinfluencer
83,views monthly,3,Tayo Bus Kecil - Tayo Bahasa Indonesia,Education,9.03M,98.28M,https://www.noxinfluencer.com/youtube/channel/UCUaZwCnn6Z-16BmkKngSs0g,2022-09-15T03:46:11+00Z,noxinfluencer
84,views monthly,0.5,Dedek Soemantri,Comedy,1.06M,97.6M,https://www.noxinfluencer.com/youtube/channel/UCwjhuO66iMK5PYpG5IpEiRg,2022-09-15T03:46:11+00Z,noxinfluencer
85,views monthly,4,Salsa and Family,Entertainment,4.63M,96.94M,https://www.noxinfluencer.com/youtube/channel/UC8mc_zJ3fMlO6tRtU9oJgEA,2022-09-15T03:46:11+00Z,noxinfluencer
86,views monthly,4.5,Arman Vesona,Music,1.79M,94.58M,https://www.noxinfluencer.com/youtube/channel/UCRhmWtGmW2lJ_CNGXP6hvIQ,2022-09-15T03:46:11+00Z,noxinfluencer
87,views monthly,1,Dwiki Afrilian,Comedy,283K,92.72M,https://www.noxinfluencer.com/youtube/channel/UCarAr73sn2PHpBzyb9yq5DQ,2022-09-15T03:46:11+00Z,noxinfluencer
88,views monthly,0.5,Fiqri NZH,Entertainment,532K,91.84M,https://www.noxinfluencer.com/youtube/channel/UCzQMIKCrKYI28yLipbakXbQ,2022-09-15T03:46:11+00Z,noxinfluencer
89,views monthly,4,Zahra Sri Aprilita,Entertainment,814K,89.82M,https://www.noxinfluencer.com/youtube/channel/UC2xhJk1-fDSNGY_TWQ8aXYA,2022-09-15T03:46:11+00Z,noxinfluencer
90,views monthly,0.5,Bang Tiko {KOO KIKO},People & Blogs,1.04M,88.89M,https://www.noxinfluencer.com/youtube/channel/UCJE5w9WHSBPVyEiIA18bRlw,2022-09-15T03:46:11+00Z,noxinfluencer
91,views monthly,2.5,MOP Channel,Entertainment,8.14M,88.6M,https://www.noxinfluencer.com/youtube/channel/UCrrimexxJpH-zLIrg_IPV_w,2022-09-15T03:46:11+00Z,noxinfluencer
92,views monthly,2,TRANS TV Official,Entertainment,16.1M,86.31M,https://www.noxinfluencer.com/youtube/channel/UCIohHXwCEKxWCLvAguJ-GjA,2022-09-15T03:46:11+00Z,noxinfluencer
93,views monthly,3,DeLirik,Music,4.49M,85.78M,https://www.noxinfluencer.com/youtube/channel/UCC-c_1m2J1p_JyMMNw7wc_w,2022-09-15T03:46:11+00Z,noxinfluencer
94,views monthly,0.5,Dennys Lianto,People & Blogs,674K,85.3M,https://www.noxinfluencer.com/youtube/channel/UCHENixhgvKtYAUUB3IZeqUg,2022-09-15T03:46:11+00Z,noxinfluencer
95,views monthly,3,Princess Rara,People & Blogs,1.43M,84.38M,https://www.noxinfluencer.com/youtube/channel/UC4vZ4Yk60JDWzjDDIyxH5zA,2022-09-15T03:46:11+00Z,noxinfluencer
96,views monthly,2,Like Nastya IDN,Entertainment,15.2M,83.31M,https://www.noxinfluencer.com/youtube/channel/UCui_SuV6CzSgB1bdwL5utzg,2022-09-15T03:46:11+00Z,noxinfluencer
97,views monthly,2.5,Dunia Robot,People & Blogs,3.79M,81.25M,https://www.noxinfluencer.com/youtube/channel/UC8q-gUAJ24k33I9bC5c4KiQ,2022-09-15T03:46:11+00Z,noxinfluencer
98,views monthly,3.5,Aishwa Nahla Official,Music,9.24M,80.76M,https://www.noxinfluencer.com/youtube/channel/UC1nqMqjwWkcN80yfHM6Hcow,2022-09-15T03:46:11+00Z,noxinfluencer
99,views monthly,4,Timotius Mulyadi,Sports,1.8M,80.75M,https://www.noxinfluencer.com/youtube/channel/UC8cmzkog5JEMw9gsZbVm6yA,2022-09-15T03:46:11+00Z,noxinfluencer
100,views monthly,4,Balomba,Entertainment,706K,80.4M,https://www.noxinfluencer.com/youtube/channel/UCTNyONs3U2XnpqxUC3CUBew,2022-09-15T03:46:11+00Z,noxinfluencer
